Image,Score
ISIC_0000000.jpg,[0.14208984375]
ISIC_0000001.jpg,[0.1019287109375]
ISIC_0000002.jpg,[0.123046875]
ISIC_0000003.jpg,[0.06170654296875]
ISIC_0000004.jpg,[0.224609375]
ISIC_0000006.jpg,[0.0406494140625]
ISIC_0000007.jpg,[0.1439208984375]
ISIC_0000008.jpg,[0.1265869140625]
ISIC_0000009.jpg,[0.064697265625]
ISIC_0000010.jpg,[0.047027587890625]
ISIC_0000011.jpg,[0.049224853515625]
ISIC_0000012.jpg,[0.09332275390625]
ISIC_0000013.jpg,[0.1424560546875]
ISIC_0000014.jpg,[0.10546875]
ISIC_0000015.jpg,[0.08172607421875]
ISIC_0000016.jpg,[0.0298004150390625]
ISIC_0000017.jpg,[0.050018310546875]
ISIC_0000018.jpg,[0.053466796875]
ISIC_0000019.jpg,[0.1995849609375]
ISIC_0000020.jpg,[0.25439453125]
ISIC_0000021.jpg,[0.06500244140625]
ISIC_0000022.jpg,[0.2239990234375]
ISIC_0000023.jpg,[0.044097900390625]
ISIC_0000024.jpg,[0.1185302734375]
ISIC_0000025.jpg,[0.10955810546875]
ISIC_0000026.jpg,[0.061920166015625]
ISIC_0000027.jpg,[0.09765625]
ISIC_0000028.jpg,[0.115478515625]
ISIC_0000029.jpg,[0.20361328125]
ISIC_0000030.jpg,[0.06207275390625]
ISIC_0000031.jpg,[0.1463623046875]
ISIC_0000032.jpg,[0.279052734375]
ISIC_0000034.jpg,[0.26953125]
ISIC_0000035.jpg,[0.06121826171875]
ISIC_0000036.jpg,[0.12841796875]
ISIC_0000037.jpg,[0.052642822265625]
ISIC_0000038.jpg,[0.1473388671875]
ISIC_0000039.jpg,[0.28076171875]
ISIC_0000040.jpg,[0.066162109375]
ISIC_0000041.jpg,[0.1173095703125]
ISIC_0000042.jpg,[0.202392578125]
ISIC_0000043.jpg,[0.38720703125]
ISIC_0000044.jpg,[0.3017578125]
ISIC_0000045.jpg,[0.138671875]
ISIC_0000046.jpg,[0.21484375]
ISIC_0000047.jpg,[0.058197021484375]
ISIC_0000048.jpg,[0.1575927734375]
ISIC_0000049.jpg,[0.206787109375]
ISIC_0000050.jpg,[0.229736328125]
ISIC_0000051.jpg,[0.0640869140625]
ISIC_0000052.jpg,[0.10980224609375]
ISIC_0000053.jpg,[0.1365966796875]
ISIC_0000054.jpg,[0.1400146484375]
ISIC_0000055.jpg,[0.1728515625]
ISIC_0000056.jpg,[0.059783935546875]
ISIC_0000057.jpg,[0.1405029296875]
ISIC_0000058.jpg,[0.04962158203125]
ISIC_0000059.jpg,[0.248291015625]
ISIC_0000060.jpg,[0.10089111328125]
ISIC_0000061.jpg,[0.1444091796875]
ISIC_0000062.jpg,[0.171630859375]
ISIC_0000063.jpg,[0.1741943359375]
ISIC_0000064.jpg,[0.205078125]
ISIC_0000065.jpg,[0.10345458984375]
ISIC_0000066.jpg,[0.135009765625]
ISIC_0000067.jpg,[0.057525634765625]
ISIC_0000068.jpg,[0.2041015625]
ISIC_0000069.jpg,[0.155029296875]
ISIC_0000071.jpg,[0.126953125]
ISIC_0000072.jpg,[0.190673828125]
ISIC_0000073.jpg,[0.07763671875]
ISIC_0000074.jpg,[0.2366943359375]
ISIC_0000075.jpg,[0.1756591796875]
ISIC_0000077.jpg,[0.11419677734375]
ISIC_0000078.jpg,[0.09197998046875]
ISIC_0000079.jpg,[0.0640869140625]
ISIC_0000080.jpg,[0.05560302734375]
ISIC_0000081.jpg,[0.293212890625]
ISIC_0000082.jpg,[0.1895751953125]
ISIC_0000085.jpg,[0.136474609375]
ISIC_0000086.jpg,[0.09564208984375]
ISIC_0000087.jpg,[0.305908203125]
ISIC_0000088.jpg,[0.1446533203125]
ISIC_0000089.jpg,[0.0290985107421875]
ISIC_0000091.jpg,[0.2344970703125]
ISIC_0000092.jpg,[0.05438232421875]
ISIC_0000093.jpg,[0.25634765625]
ISIC_0000094.jpg,[0.33984375]
ISIC_0000095.jpg,[0.52783203125]
ISIC_0000096.jpg,[0.059967041015625]
ISIC_0000097.jpg,[0.3955078125]
ISIC_0000098.jpg,[0.03009033203125]
ISIC_0000099.jpg,[0.05615234375]
ISIC_0000100.jpg,[0.3173828125]
ISIC_0000101.jpg,[0.296875]
ISIC_0000102.jpg,[0.28955078125]
ISIC_0000103.jpg,[0.2176513671875]
ISIC_0000104.jpg,[0.249267578125]
ISIC_0000105.jpg,[0.043548583984375]
ISIC_0000107.jpg,[0.040252685546875]
ISIC_0000108.jpg,[0.258056640625]
ISIC_0000109.jpg,[0.308349609375]
ISIC_0000110.jpg,[0.0765380859375]
ISIC_0000111.jpg,[0.322021484375]
ISIC_0000112.jpg,[0.1785888671875]
ISIC_0000113.jpg,[0.272705078125]
ISIC_0000115.jpg,[0.53076171875]
ISIC_0000116.jpg,[0.143310546875]
ISIC_0000117.jpg,[0.08380126953125]
ISIC_0000118.jpg,[0.1680908203125]
ISIC_0000119.jpg,[0.23193359375]
ISIC_0000120.jpg,[0.23681640625]
ISIC_0000121.jpg,[0.07476806640625]
ISIC_0000122.jpg,[0.10498046875]
ISIC_0000123.jpg,[0.223876953125]
ISIC_0000124.jpg,[0.2454833984375]
ISIC_0000125.jpg,[0.1448974609375]
ISIC_0000126.jpg,[0.407958984375]
ISIC_0000127.jpg,[0.11309814453125]
ISIC_0000128.jpg,[0.11260986328125]
ISIC_0000129.jpg,[0.2095947265625]
ISIC_0000130.jpg,[0.107177734375]
ISIC_0000131.jpg,[0.30029296875]
ISIC_0000132.jpg,[0.334228515625]
ISIC_0000133.jpg,[0.1868896484375]
ISIC_0000134.jpg,[0.1884765625]
ISIC_0000135.jpg,[0.14990234375]
ISIC_0000136.jpg,[0.1934814453125]
ISIC_0000137.jpg,[0.05133056640625]
ISIC_0000138.jpg,[0.32177734375]
ISIC_0000139.jpg,[0.18017578125]
ISIC_0000140.jpg,[0.2060546875]
ISIC_0000141.jpg,[0.0343017578125]
ISIC_0000142.jpg,[0.278564453125]
ISIC_0000143.jpg,[0.220703125]
ISIC_0000145.jpg,[0.346435546875]
ISIC_0000146.jpg,[0.489990234375]
ISIC_0000147.jpg,[0.414306640625]
ISIC_0000148.jpg,[0.12066650390625]
ISIC_0000149.jpg,[0.045501708984375]
ISIC_0000150.jpg,[0.08428955078125]
ISIC_0000151.jpg,[0.1910400390625]
ISIC_0000152.jpg,[0.06427001953125]
ISIC_0000153.jpg,[0.07269287109375]
ISIC_0000154.jpg,[0.1923828125]
ISIC_0000155.jpg,[0.28125]
ISIC_0000156.jpg,[0.06781005859375]
ISIC_0000157.jpg,[0.169189453125]
ISIC_0000159.jpg,[0.302490234375]
ISIC_0000160.jpg,[0.23779296875]
ISIC_0000161.jpg,[0.283447265625]
ISIC_0000162.jpg,[0.2303466796875]
ISIC_0000163.jpg,[0.1910400390625]
ISIC_0000164.jpg,[0.235595703125]
ISIC_0000165.jpg,[0.07879638671875]
ISIC_0000166.jpg,[0.0247955322265625]
ISIC_0000167.jpg,[0.427001953125]
ISIC_0000169.jpg,[0.13720703125]
ISIC_0000170.jpg,[0.11651611328125]
ISIC_0000171.jpg,[0.3076171875]
ISIC_0000172.jpg,[0.1693115234375]
ISIC_0000173.jpg,[0.07464599609375]
ISIC_0000174.jpg,[0.3310546875]
ISIC_0000175.jpg,[0.306884765625]
ISIC_0000176.jpg,[0.0439453125]
ISIC_0000177.jpg,[0.1513671875]
ISIC_0000179.jpg,[0.28369140625]
ISIC_0000181.jpg,[0.333251953125]
ISIC_0000182.jpg,[0.25146484375]
ISIC_0000183.jpg,[0.321533203125]
ISIC_0000184.jpg,[0.15478515625]
ISIC_0000185.jpg,[0.28173828125]
ISIC_0000186.jpg,[0.32177734375]
ISIC_0000187.jpg,[0.08465576171875]
ISIC_0000188.jpg,[0.2161865234375]
ISIC_0000189.jpg,[0.3154296875]
ISIC_0000190.jpg,[0.11029052734375]
ISIC_0000191.jpg,[0.35986328125]
ISIC_0000192.jpg,[0.31201171875]
ISIC_0000193.jpg,[0.11993408203125]
ISIC_0000196.jpg,[0.357177734375]
ISIC_0000197.jpg,[0.2802734375]
ISIC_0000198.jpg,[0.08868408203125]
ISIC_0000199.jpg,[0.125244140625]
ISIC_0000200.jpg,[0.2900390625]
ISIC_0000201.jpg,[0.2213134765625]
ISIC_0000202.jpg,[0.07421875]
ISIC_0000203.jpg,[0.2012939453125]
ISIC_0000204.jpg,[0.325439453125]
ISIC_0000205.jpg,[0.14794921875]
ISIC_0000206.jpg,[0.20263671875]
ISIC_0000207.jpg,[0.382568359375]
ISIC_0000208.jpg,[0.08740234375]
ISIC_0000209.jpg,[0.2177734375]
ISIC_0000210.jpg,[0.327392578125]
ISIC_0000211.jpg,[0.1766357421875]
ISIC_0000212.jpg,[0.1568603515625]
ISIC_0000213.jpg,[0.100341796875]
ISIC_0000214.jpg,[0.416748046875]
ISIC_0000215.jpg,[0.24853515625]
ISIC_0000216.jpg,[0.14013671875]
ISIC_0000217.jpg,[0.4150390625]
ISIC_0000218.jpg,[0.3603515625]
ISIC_0000219.jpg,[0.386962890625]
ISIC_0000220.jpg,[0.290771484375]
ISIC_0000221.jpg,[0.26025390625]
ISIC_0000222.jpg,[0.2587890625]
ISIC_0000223.jpg,[0.263916015625]
ISIC_0000224.jpg,[0.1890869140625]
ISIC_0000225.jpg,[0.0888671875]
ISIC_0000226.jpg,[0.2305908203125]
ISIC_0000227.jpg,[0.068603515625]
ISIC_0000228.jpg,[0.39599609375]
ISIC_0000229.jpg,[0.245361328125]
ISIC_0000230.jpg,[0.2098388671875]
ISIC_0000231.jpg,[0.2230224609375]
ISIC_0000232.jpg,[0.27685546875]
ISIC_0000233.jpg,[0.060791015625]
ISIC_0000234.jpg,[0.08660888671875]
ISIC_0000235.jpg,[0.06903076171875]
ISIC_0000236.jpg,[0.140869140625]
ISIC_0000237.jpg,[0.10626220703125]
ISIC_0000239.jpg,[0.2117919921875]
ISIC_0000240.jpg,[0.0596923828125]
ISIC_0000242.jpg,[0.20458984375]
ISIC_0000243.jpg,[0.1376953125]
ISIC_0000244.jpg,[0.0810546875]
ISIC_0000245.jpg,[0.032440185546875]
ISIC_0000246.jpg,[0.096435546875]
ISIC_0000247.jpg,[0.14599609375]
ISIC_0000249.jpg,[0.200927734375]
ISIC_0000250.jpg,[0.2335205078125]
ISIC_0000251.jpg,[0.10260009765625]
ISIC_0000252.jpg,[0.1485595703125]
ISIC_0000253.jpg,[0.1649169921875]
ISIC_0000254.jpg,[0.097900390625]
ISIC_0000255.jpg,[0.16357421875]
ISIC_0000256.jpg,[0.264892578125]
ISIC_0000258.jpg,[0.28759765625]
ISIC_0000259.jpg,[0.1114501953125]
ISIC_0000260.jpg,[0.1610107421875]
ISIC_0000261.jpg,[0.06561279296875]
ISIC_0000262.jpg,[0.218017578125]
ISIC_0000263.jpg,[0.26806640625]
ISIC_0000264.jpg,[0.48095703125]
ISIC_0000265.jpg,[0.068603515625]
ISIC_0000268.jpg,[0.11004638671875]
ISIC_0000269.jpg,[0.2342529296875]
ISIC_0000271.jpg,[0.19580078125]
ISIC_0000274.jpg,[0.11651611328125]
ISIC_0000275.jpg,[0.30712890625]
ISIC_0000276.jpg,[0.22265625]
ISIC_0000277.jpg,[0.255615234375]
ISIC_0000278.jpg,[0.14501953125]
ISIC_0000279.jpg,[0.2091064453125]
ISIC_0000281.jpg,[0.1622314453125]
ISIC_0000282.jpg,[0.072509765625]
ISIC_0000283.jpg,[0.29150390625]
ISIC_0000285.jpg,[0.2314453125]
ISIC_0000287.jpg,[0.09326171875]
ISIC_0000288.jpg,[0.187255859375]
ISIC_0000289.jpg,[0.12646484375]
ISIC_0000290.jpg,[0.1883544921875]
ISIC_0000292.jpg,[0.295166015625]
ISIC_0000293.jpg,[0.1961669921875]
ISIC_0000294.jpg,[0.1754150390625]
ISIC_0000295.jpg,[0.1988525390625]
ISIC_0000297.jpg,[0.32177734375]
ISIC_0000298.jpg,[0.1513671875]
ISIC_0000299.jpg,[0.2099609375]
ISIC_0000300.jpg,[0.22705078125]
ISIC_0000301.jpg,[0.1331787109375]
ISIC_0000302.jpg,[0.051300048828125]
ISIC_0000303.jpg,[0.1138916015625]
ISIC_0000306.jpg,[0.10101318359375]
ISIC_0000307.jpg,[0.303466796875]
ISIC_0000310.jpg,[0.1552734375]
ISIC_0000311.jpg,[0.1705322265625]
ISIC_0000313.jpg,[0.351318359375]
ISIC_0000314.jpg,[0.22119140625]
ISIC_0000315.jpg,[0.08282470703125]
ISIC_0000316.jpg,[0.2283935546875]
ISIC_0000317.jpg,[0.1356201171875]
ISIC_0000319.jpg,[0.4580078125]
ISIC_0000320.jpg,[0.1676025390625]
ISIC_0000321.jpg,[0.10809326171875]
ISIC_0000322.jpg,[0.08013916015625]
ISIC_0000323.jpg,[0.328857421875]
ISIC_0000324.jpg,[0.260498046875]
ISIC_0000325.jpg,[0.266357421875]
ISIC_0000327.jpg,[0.2403564453125]
ISIC_0000328.jpg,[0.262939453125]
ISIC_0000329.jpg,[0.267822265625]
ISIC_0000330.jpg,[0.27001953125]
ISIC_0000331.jpg,[0.31201171875]
ISIC_0000332.jpg,[0.10009765625]
ISIC_0000336.jpg,[0.1842041015625]
ISIC_0000337.jpg,[0.1448974609375]
ISIC_0000338.jpg,[0.1475830078125]
ISIC_0000339.jpg,[0.2357177734375]
ISIC_0000340.jpg,[0.1402587890625]
ISIC_0000341.jpg,[0.2318115234375]
ISIC_0000342.jpg,[0.198486328125]
ISIC_0000343.jpg,[0.2144775390625]
ISIC_0000344.jpg,[0.29248046875]
ISIC_0000345.jpg,[0.129150390625]
ISIC_0000346.jpg,[0.2156982421875]
ISIC_0000347.jpg,[0.158935546875]
ISIC_0000348.jpg,[0.26318359375]
ISIC_0000349.jpg,[0.184326171875]
ISIC_0000350.jpg,[0.2447509765625]
ISIC_0000351.jpg,[0.255615234375]
ISIC_0000352.jpg,[0.074951171875]
ISIC_0000353.jpg,[0.06787109375]
ISIC_0000354.jpg,[0.2763671875]
ISIC_0000355.jpg,[0.13232421875]
ISIC_0000357.jpg,[0.33544921875]
ISIC_0000358.jpg,[0.2327880859375]
ISIC_0000359.jpg,[0.2607421875]
ISIC_0000360.jpg,[0.1650390625]
ISIC_0000361.jpg,[0.32421875]
ISIC_0000363.jpg,[0.341552734375]
ISIC_0000364.jpg,[0.28173828125]
ISIC_0000365.jpg,[0.1029052734375]
ISIC_0000366.jpg,[0.29833984375]
ISIC_0000367.jpg,[0.224609375]
ISIC_0000368.jpg,[0.208740234375]
ISIC_0000369.jpg,[0.298583984375]
ISIC_0000370.jpg,[0.132080078125]
ISIC_0000371.jpg,[0.22705078125]
ISIC_0000372.jpg,[0.36669921875]
ISIC_0000374.jpg,[0.25341796875]
ISIC_0000376.jpg,[0.241943359375]
ISIC_0000377.jpg,[0.266357421875]
ISIC_0000378.jpg,[0.048431396484375]
ISIC_0000379.jpg,[0.1622314453125]
ISIC_0000380.jpg,[0.45751953125]
ISIC_0000381.jpg,[0.267822265625]
ISIC_0000382.jpg,[0.1341552734375]
ISIC_0000383.jpg,[0.2237548828125]
ISIC_0000384.jpg,[0.038726806640625]
ISIC_0000385.jpg,[0.27587890625]
ISIC_0000386.jpg,[0.06195068359375]
ISIC_0000387.jpg,[0.1806640625]
ISIC_0000388.jpg,[0.036773681640625]
ISIC_0000390.jpg,[0.255859375]
ISIC_0000391.jpg,[0.085693359375]
ISIC_0000392.jpg,[0.05377197265625]
ISIC_0000393.jpg,[0.273681640625]
ISIC_0000395.jpg,[0.1163330078125]
ISIC_0000396.jpg,[0.14892578125]
ISIC_0000397.jpg,[0.052947998046875]
ISIC_0000403.jpg,[0.11529541015625]
ISIC_0000407.jpg,[0.10504150390625]
ISIC_0000408.jpg,[0.2310791015625]
ISIC_0000409.jpg,[0.048980712890625]
ISIC_0000410.jpg,[0.1962890625]
ISIC_0000412.jpg,[0.27490234375]
ISIC_0000413.jpg,[0.2078857421875]
ISIC_0000415.jpg,[0.2347412109375]
ISIC_0000416.jpg,[0.038848876953125]
ISIC_0000418.jpg,[0.10614013671875]
ISIC_0000419.jpg,[0.16162109375]
ISIC_0000420.jpg,[0.23046875]
ISIC_0000421.jpg,[0.2012939453125]
ISIC_0000423.jpg,[0.039093017578125]
ISIC_0000425.jpg,[0.27978515625]
ISIC_0000426.jpg,[0.259521484375]
ISIC_0000427.jpg,[0.1580810546875]
ISIC_0000431.jpg,[0.10308837890625]
ISIC_0000433.jpg,[0.0469970703125]
ISIC_0000434.jpg,[0.09368896484375]
ISIC_0000436.jpg,[0.08538818359375]
ISIC_0000439.jpg,[0.094482421875]
ISIC_0000442.jpg,[0.29296875]
ISIC_0000443.jpg,[0.314697265625]
ISIC_0000444.jpg,[0.05560302734375]
ISIC_0000445.jpg,[0.11590576171875]
ISIC_0000447.jpg,[0.10137939453125]
ISIC_0000448.jpg,[0.0767822265625]
ISIC_0000449.jpg,[0.201416015625]
ISIC_0000451.jpg,[0.310302734375]
ISIC_0000453.jpg,[0.1834716796875]
ISIC_0000455.jpg,[0.05023193359375]
ISIC_0000456.jpg,[0.27197265625]
ISIC_0000457.jpg,[0.09405517578125]
ISIC_0000458.jpg,[0.1976318359375]
ISIC_0000460.jpg,[0.06201171875]
ISIC_0000461.jpg,[0.05145263671875]
ISIC_0000463.jpg,[0.308837890625]
ISIC_0000465.jpg,[0.058197021484375]
ISIC_0000466.jpg,[0.10015869140625]
ISIC_0000467.jpg,[0.19091796875]
ISIC_0000468.jpg,[0.08233642578125]
ISIC_0000469.jpg,[0.1771240234375]
ISIC_0000470.jpg,[0.04132080078125]
ISIC_0000471.jpg,[0.043060302734375]
ISIC_0000474.jpg,[0.10089111328125]
ISIC_0000475.jpg,[0.08905029296875]
ISIC_0000476.jpg,[0.170166015625]
ISIC_0000478.jpg,[0.04302978515625]
ISIC_0000479.jpg,[0.054168701171875]
ISIC_0000481.jpg,[0.0452880859375]
ISIC_0000482.jpg,[0.05908203125]
ISIC_0000483.jpg,[0.05206298828125]
ISIC_0000484.jpg,[0.19482421875]
ISIC_0000485.jpg,[0.0540771484375]
ISIC_0000486.jpg,[0.14697265625]
ISIC_0000487.jpg,[0.1640625]
ISIC_0000488.jpg,[0.05413818359375]
ISIC_0000489.jpg,[0.05645751953125]
ISIC_0000490.jpg,[0.15625]
ISIC_0000491.jpg,[0.045806884765625]
ISIC_0000493.jpg,[0.0474853515625]
ISIC_0000495.jpg,[0.11712646484375]
ISIC_0000496.jpg,[0.08721923828125]
ISIC_0000498.jpg,[0.1925048828125]
ISIC_0000501.jpg,[0.0684814453125]
ISIC_0000503.jpg,[0.08819580078125]
ISIC_0000505.jpg,[0.2401123046875]
ISIC_0000508.jpg,[0.1314697265625]
ISIC_0000509.jpg,[0.039154052734375]
ISIC_0000510.jpg,[0.0618896484375]
ISIC_0000511.jpg,[0.056243896484375]
ISIC_0000513.jpg,[0.1483154296875]
ISIC_0000514.jpg,[0.0740966796875]
ISIC_0000515.jpg,[0.053436279296875]
ISIC_0000517.jpg,[0.09332275390625]
ISIC_0000518.jpg,[0.1397705078125]
ISIC_0000519.jpg,[0.2841796875]
ISIC_0000520.jpg,[0.4169921875]
ISIC_0000521.jpg,[0.0919189453125]
ISIC_0000522.jpg,[0.04718017578125]
ISIC_0000523.jpg,[0.032867431640625]
ISIC_0000524.jpg,[0.2244873046875]
ISIC_0000525.jpg,[0.089599609375]
ISIC_0000527.jpg,[0.323974609375]
ISIC_0000529.jpg,[0.2430419921875]
ISIC_0000530.jpg,[0.06842041015625]
ISIC_0000532.jpg,[0.0797119140625]
ISIC_0000533.jpg,[0.055755615234375]
ISIC_0000534.jpg,[0.04937744140625]
ISIC_0000538.jpg,[0.092041015625]
ISIC_0000539.jpg,[0.094970703125]
ISIC_0000540.jpg,[0.1954345703125]
ISIC_0000541.jpg,[0.05987548828125]
ISIC_0000542.jpg,[0.0413818359375]
ISIC_0000543.jpg,[0.0958251953125]
ISIC_0000544.jpg,[0.08221435546875]
ISIC_0000545.jpg,[0.04388427734375]
ISIC_0000546.jpg,[0.0841064453125]
ISIC_0000547.jpg,[0.06951904296875]
ISIC_0000548.jpg,[0.052734375]
ISIC_0000549.jpg,[0.0780029296875]
ISIC_0000550.jpg,[0.053955078125]
ISIC_0000551.jpg,[0.051025390625]
ISIC_0000552.jpg,[0.1258544921875]
ISIC_0000554.jpg,[0.16796875]
ISIC_0000555.jpg,[0.27392578125]
ISIC_0000556.jpg,[0.146484375]
ISIC_0001100.jpg,[0.171875]
ISIC_0001102.jpg,[0.0994873046875]
ISIC_0001103.jpg,[0.082763671875]
ISIC_0001105.jpg,[0.256591796875]
ISIC_0001118.jpg,[0.06402587890625]
ISIC_0001119.jpg,[0.259765625]
ISIC_0001126.jpg,[0.2197265625]
ISIC_0001128.jpg,[0.1749267578125]
ISIC_0001131.jpg,[0.2335205078125]
ISIC_0001133.jpg,[0.35986328125]
ISIC_0001134.jpg,[0.1212158203125]
ISIC_0001140.jpg,[0.22900390625]
ISIC_0001142.jpg,[0.1549072265625]
ISIC_0001148.jpg,[0.0654296875]
ISIC_0001152.jpg,[0.235107421875]
ISIC_0009868.jpg,[0.0947265625]
ISIC_0009869.jpg,[0.10516357421875]
ISIC_0009870.jpg,[0.11077880859375]
ISIC_0009871.jpg,[0.0377197265625]
ISIC_0009872.jpg,[0.07781982421875]
ISIC_0009873.jpg,[0.2210693359375]
ISIC_0009874.jpg,[0.212158203125]
ISIC_0009875.jpg,[0.13671875]
ISIC_0009877.jpg,[0.293212890625]
ISIC_0009879.jpg,[0.07171630859375]
ISIC_0009880.jpg,[0.259521484375]
ISIC_0009881.jpg,[0.208740234375]
ISIC_0009882.jpg,[0.07574462890625]
ISIC_0009883.jpg,[0.07122802734375]
ISIC_0009884.jpg,[0.1370849609375]
ISIC_0009885.jpg,[0.1715087890625]
ISIC_0009888.jpg,[0.110595703125]
ISIC_0009889.jpg,[0.09576416015625]
ISIC_0009891.jpg,[0.062744140625]
ISIC_0009895.jpg,[0.1319580078125]
ISIC_0009896.jpg,[0.1278076171875]
ISIC_0009897.jpg,[0.05340576171875]
ISIC_0009898.jpg,[0.329833984375]
ISIC_0009899.jpg,[0.08734130859375]
ISIC_0009901.jpg,[0.039093017578125]
ISIC_0009902.jpg,[0.057037353515625]
ISIC_0009905.jpg,[0.40380859375]
ISIC_0009906.jpg,[0.07012939453125]
ISIC_0009909.jpg,[0.08770751953125]
ISIC_0009910.jpg,[0.104248046875]
ISIC_0009911.jpg,[0.2666015625]
ISIC_0009912.jpg,[0.081298828125]
ISIC_0009914.jpg,[0.115478515625]
ISIC_0009915.jpg,[0.245849609375]
ISIC_0009917.jpg,[0.06878662109375]
ISIC_0009918.jpg,[0.08502197265625]
ISIC_0009919.jpg,[0.10699462890625]
ISIC_0009920.jpg,[0.19140625]
ISIC_0009921.jpg,[0.2017822265625]
ISIC_0009923.jpg,[0.093994140625]
ISIC_0009925.jpg,[0.223388671875]
ISIC_0009929.jpg,[0.057098388671875]
ISIC_0009930.jpg,[0.12213134765625]
ISIC_0009931.jpg,[0.12744140625]
ISIC_0009932.jpg,[0.1187744140625]
ISIC_0009933.jpg,[0.120361328125]
ISIC_0009935.jpg,[0.1539306640625]
ISIC_0009936.jpg,[0.2298583984375]
ISIC_0009937.jpg,[0.123046875]
ISIC_0009938.jpg,[0.1483154296875]
ISIC_0009939.jpg,[0.1412353515625]
ISIC_0009940.jpg,[0.14013671875]
ISIC_0009941.jpg,[0.1468505859375]
ISIC_0009942.jpg,[0.1839599609375]
ISIC_0009943.jpg,[0.07879638671875]
ISIC_0009945.jpg,[0.149658203125]
ISIC_0009946.jpg,[0.3037109375]
ISIC_0009947.jpg,[0.0755615234375]
ISIC_0009949.jpg,[0.0804443359375]
ISIC_0009950.jpg,[0.1614990234375]
ISIC_0009951.jpg,[0.04315185546875]
ISIC_0009953.jpg,[0.26025390625]
ISIC_0009954.jpg,[0.1336669921875]
ISIC_0009955.jpg,[0.32470703125]
ISIC_0009956.jpg,[0.1336669921875]
ISIC_0009958.jpg,[0.09466552734375]
ISIC_0009960.jpg,[0.06475830078125]
ISIC_0009961.jpg,[0.11199951171875]
ISIC_0009962.jpg,[0.1502685546875]
ISIC_0009963.jpg,[0.0802001953125]
ISIC_0009964.jpg,[0.10552978515625]
ISIC_0009965.jpg,[0.05279541015625]
ISIC_0009966.jpg,[0.1121826171875]
ISIC_0009967.jpg,[0.1405029296875]
ISIC_0009968.jpg,[0.054412841796875]
ISIC_0009969.jpg,[0.170166015625]
ISIC_0009971.jpg,[0.1951904296875]
ISIC_0009972.jpg,[0.17578125]
ISIC_0009973.jpg,[0.061492919921875]
ISIC_0009974.jpg,[0.349853515625]
ISIC_0009975.jpg,[0.0667724609375]
ISIC_0009976.jpg,[0.0877685546875]
ISIC_0009977.jpg,[0.1622314453125]
ISIC_0009979.jpg,[0.448974609375]
ISIC_0009981.jpg,[0.1029052734375]
ISIC_0009982.jpg,[0.10711669921875]
ISIC_0009987.jpg,[0.259033203125]
ISIC_0009991.jpg,[0.1263427734375]
ISIC_0009993.jpg,[0.289306640625]
ISIC_0009994.jpg,[0.195068359375]
ISIC_0009998.jpg,[0.258544921875]
ISIC_0010000.jpg,[0.092529296875]
ISIC_0010002.jpg,[0.1490478515625]
ISIC_0010003.jpg,[0.306396484375]
ISIC_0010005.jpg,[0.402587890625]
ISIC_0010006.jpg,[0.2364501953125]
ISIC_0010011.jpg,[0.1793212890625]
ISIC_0010013.jpg,[0.2049560546875]
ISIC_0010014.jpg,[0.28173828125]
ISIC_0010015.jpg,[0.1402587890625]
ISIC_0010016.jpg,[0.2020263671875]
ISIC_0010017.jpg,[0.15625]
ISIC_0010018.jpg,[0.2030029296875]
ISIC_0010019.jpg,[0.2130126953125]
ISIC_0010020.jpg,[0.1636962890625]
ISIC_0010021.jpg,[0.2841796875]
ISIC_0010022.jpg,[0.07275390625]
ISIC_0010024.jpg,[0.0645751953125]
ISIC_0010028.jpg,[0.06353759765625]
ISIC_0010029.jpg,[0.40380859375]
ISIC_0010034.jpg,[0.03765869140625]
ISIC_0010036.jpg,[0.1661376953125]
ISIC_0010040.jpg,[0.07183837890625]
ISIC_0010042.jpg,[0.133544921875]
ISIC_0010043.jpg,[0.162109375]
ISIC_0010044.jpg,[0.206787109375]
ISIC_0010046.jpg,[0.100341796875]
ISIC_0010047.jpg,[0.2244873046875]
ISIC_0010053.jpg,[0.0290374755859375]
ISIC_0010054.jpg,[0.1248779296875]
ISIC_0010055.jpg,[0.16455078125]
ISIC_0010057.jpg,[0.047698974609375]
ISIC_0010058.jpg,[0.05023193359375]
ISIC_0010059.jpg,[0.168212890625]
ISIC_0010060.jpg,[0.1678466796875]
ISIC_0010061.jpg,[0.0958251953125]
ISIC_0010062.jpg,[0.307373046875]
ISIC_0010063.jpg,[0.308349609375]
ISIC_0010064.jpg,[0.05987548828125]
ISIC_0010066.jpg,[0.0955810546875]
ISIC_0010067.jpg,[0.30908203125]
ISIC_0010069.jpg,[0.033782958984375]
ISIC_0010070.jpg,[0.1572265625]
ISIC_0010074.jpg,[0.1832275390625]
ISIC_0010075.jpg,[0.113525390625]
ISIC_0010078.jpg,[0.188232421875]
ISIC_0010080.jpg,[0.12420654296875]
ISIC_0010081.jpg,[0.11553955078125]
ISIC_0010088.jpg,[0.25927734375]
ISIC_0010089.jpg,[0.202880859375]
ISIC_0010090.jpg,[0.037109375]
ISIC_0010092.jpg,[0.2415771484375]
ISIC_0010093.jpg,[0.04547119140625]
ISIC_0010094.jpg,[0.1451416015625]
ISIC_0010100.jpg,[0.2320556640625]
ISIC_0010102.jpg,[0.218994140625]
ISIC_0010104.jpg,[0.253173828125]
ISIC_0010105.jpg,[0.336181640625]
ISIC_0010168.jpg,[0.302734375]
ISIC_0010171.jpg,[0.0999755859375]
ISIC_0010173.jpg,[0.380126953125]
ISIC_0010174.jpg,[0.2191162109375]
ISIC_0010176.jpg,[0.23974609375]
ISIC_0010178.jpg,[0.2093505859375]
ISIC_0010180.jpg,[0.10296630859375]
ISIC_0010182.jpg,[0.1146240234375]
ISIC_0010184.jpg,[0.290283203125]
ISIC_0010185.jpg,[0.152099609375]
ISIC_0010186.jpg,[0.07769775390625]
ISIC_0010187.jpg,[0.204345703125]
ISIC_0010191.jpg,[0.0823974609375]
ISIC_0010192.jpg,[0.1854248046875]
ISIC_0010193.jpg,[0.2008056640625]
ISIC_0010194.jpg,[0.2279052734375]
ISIC_0010201.jpg,[0.1995849609375]
ISIC_0010202.jpg,[0.10260009765625]
ISIC_0010205.jpg,[0.279296875]
ISIC_0010206.jpg,[0.18212890625]
ISIC_0010207.jpg,[0.1683349609375]
ISIC_0010212.jpg,[0.2286376953125]
ISIC_0010213.jpg,[0.21337890625]
ISIC_0010215.jpg,[0.0391845703125]
ISIC_0010216.jpg,[0.154296875]
ISIC_0010219.jpg,[0.157470703125]
ISIC_0010220.jpg,[0.167724609375]
ISIC_0010222.jpg,[0.336181640625]
ISIC_0010225.jpg,[0.2216796875]
ISIC_0010227.jpg,[0.1446533203125]
ISIC_0010231.jpg,[0.1407470703125]
ISIC_0010233.jpg,[0.323486328125]
ISIC_0010234.jpg,[0.05889892578125]
ISIC_0010236.jpg,[0.103759765625]
ISIC_0010237.jpg,[0.06915283203125]
ISIC_0010240.jpg,[0.2076416015625]
ISIC_0010241.jpg,[0.15673828125]
ISIC_0010244.jpg,[0.04443359375]
ISIC_0010246.jpg,[0.038787841796875]
ISIC_0010248.jpg,[0.0278472900390625]
ISIC_0010249.jpg,[0.141845703125]
ISIC_0010251.jpg,[0.10992431640625]
ISIC_0010254.jpg,[0.05914306640625]
ISIC_0010255.jpg,[0.06396484375]
ISIC_0010256.jpg,[0.08282470703125]
ISIC_0010257.jpg,[0.032806396484375]
ISIC_0010261.jpg,[0.2032470703125]
ISIC_0010262.jpg,[0.088623046875]
ISIC_0010264.jpg,[0.0797119140625]
ISIC_0010265.jpg,[0.08050537109375]
ISIC_0010267.jpg,[0.1865234375]
ISIC_0010317.jpg,[0.25244140625]
ISIC_0010318.jpg,[0.1978759765625]
ISIC_0010320.jpg,[0.1947021484375]
ISIC_0010326.jpg,[0.09906005859375]
ISIC_0010327.jpg,[0.2169189453125]
ISIC_0010329.jpg,[0.1031494140625]
ISIC_0010330.jpg,[0.10699462890625]
ISIC_0010332.jpg,[0.109130859375]
ISIC_0010333.jpg,[0.128662109375]
ISIC_0010334.jpg,[0.2978515625]
ISIC_0010336.jpg,[0.3291015625]
ISIC_0010337.jpg,[0.41162109375]
ISIC_0010339.jpg,[0.230712890625]
ISIC_0010340.jpg,[0.05328369140625]
ISIC_0010342.jpg,[0.10455322265625]
ISIC_0010344.jpg,[0.063720703125]
ISIC_0010346.jpg,[0.1787109375]
ISIC_0010348.jpg,[0.0880126953125]
ISIC_0010350.jpg,[0.152587890625]
ISIC_0010351.jpg,[0.1727294921875]
ISIC_0010356.jpg,[0.048309326171875]
ISIC_0010357.jpg,[0.2568359375]
ISIC_0010358.jpg,[0.298583984375]
ISIC_0010360.jpg,[0.1158447265625]
ISIC_0010362.jpg,[0.24267578125]
ISIC_0010364.jpg,[0.0699462890625]
ISIC_0010365.jpg,[0.22216796875]
ISIC_0010367.jpg,[0.101318359375]
ISIC_0010368.jpg,[0.1168212890625]
ISIC_0010370.jpg,[0.4228515625]
ISIC_0010371.jpg,[0.12298583984375]
ISIC_0010372.jpg,[0.134765625]
ISIC_0010374.jpg,[0.25830078125]
ISIC_0010379.jpg,[0.1422119140625]
ISIC_0010382.jpg,[0.0902099609375]
ISIC_0010435.jpg,[0.2021484375]
ISIC_0010441.jpg,[0.09295654296875]
ISIC_0010442.jpg,[0.044097900390625]
ISIC_0010443.jpg,[0.0858154296875]
ISIC_0010444.jpg,[0.1318359375]
ISIC_0010447.jpg,[0.280029296875]
ISIC_0010448.jpg,[0.1845703125]
ISIC_0010449.jpg,[0.2039794921875]
ISIC_0010452.jpg,[0.254150390625]
ISIC_0010455.jpg,[0.1202392578125]
ISIC_0010458.jpg,[0.06951904296875]
ISIC_0010460.jpg,[0.10003662109375]
ISIC_0010461.jpg,[0.087158203125]
ISIC_0010463.jpg,[0.153076171875]
ISIC_0010465.jpg,[0.125244140625]
ISIC_0010467.jpg,[0.09051513671875]
ISIC_0010468.jpg,[0.154296875]
ISIC_0010471.jpg,[0.274169921875]
ISIC_0010472.jpg,[0.294921875]
ISIC_0010473.jpg,[0.08709716796875]
ISIC_0010475.jpg,[0.198974609375]
ISIC_0010476.jpg,[0.042144775390625]
ISIC_0010477.jpg,[0.127685546875]
ISIC_0010479.jpg,[0.093994140625]
ISIC_0010480.jpg,[0.1993408203125]
ISIC_0010481.jpg,[0.1824951171875]
ISIC_0010483.jpg,[0.2254638671875]
ISIC_0010488.jpg,[0.10504150390625]
ISIC_0010490.jpg,[0.068603515625]
ISIC_0010492.jpg,[0.34375]
ISIC_0010493.jpg,[0.1807861328125]
ISIC_0010494.jpg,[0.4716796875]
ISIC_0010497.jpg,[0.037139892578125]
ISIC_0010498.jpg,[0.25341796875]
ISIC_0010552.jpg,[0.09942626953125]
ISIC_0010553.jpg,[0.0758056640625]
ISIC_0010554.jpg,[0.244873046875]
ISIC_0010557.jpg,[0.171142578125]
ISIC_0010558.jpg,[0.130859375]
ISIC_0010562.jpg,[0.283447265625]
ISIC_0010565.jpg,[0.07537841796875]
ISIC_0010566.jpg,[0.08447265625]
ISIC_0010567.jpg,[0.07110595703125]
ISIC_0010568.jpg,[0.050445556640625]
ISIC_0010569.jpg,[0.114013671875]
ISIC_0010570.jpg,[0.28173828125]
ISIC_0010571.jpg,[0.29443359375]
ISIC_0010573.jpg,[0.2705078125]
ISIC_0010574.jpg,[0.2298583984375]
ISIC_0010575.jpg,[0.146728515625]
ISIC_0010581.jpg,[0.07861328125]
ISIC_0010582.jpg,[0.170166015625]
ISIC_0010584.jpg,[0.1617431640625]
ISIC_0010585.jpg,[0.052642822265625]
ISIC_0010586.jpg,[0.056427001953125]
ISIC_0010587.jpg,[0.06256103515625]
ISIC_0010588.jpg,[0.1837158203125]
ISIC_0010589.jpg,[0.17431640625]
ISIC_0010590.jpg,[0.1468505859375]
ISIC_0010591.jpg,[0.08074951171875]
ISIC_0010592.jpg,[0.151611328125]
ISIC_0010593.jpg,[0.04998779296875]
ISIC_0010595.jpg,[0.50048828125]
ISIC_0010596.jpg,[0.18115234375]
ISIC_0010597.jpg,[0.06805419921875]
ISIC_0010598.jpg,[0.08203125]
ISIC_0010599.jpg,[0.07708740234375]
ISIC_0010602.jpg,[0.210693359375]
ISIC_0010603.jpg,[0.2384033203125]
ISIC_0010606.jpg,[0.26904296875]
ISIC_0010607.jpg,[0.154296875]
ISIC_0010844.jpg,[0.3017578125]
ISIC_0010846.jpg,[0.1353759765625]
ISIC_0010847.jpg,[0.40380859375]
ISIC_0010848.jpg,[0.2393798828125]
ISIC_0010851.jpg,[0.1884765625]
ISIC_0010852.jpg,[0.1265869140625]
ISIC_0010853.jpg,[0.1158447265625]
ISIC_0010854.jpg,[0.0435791015625]
ISIC_0010856.jpg,[0.049163818359375]
ISIC_0010857.jpg,[0.2493896484375]
ISIC_0010858.jpg,[0.291015625]
ISIC_0010860.jpg,[0.1025390625]
ISIC_0010861.jpg,[0.2283935546875]
ISIC_0010862.jpg,[0.22607421875]
ISIC_0010863.jpg,[0.0748291015625]
ISIC_0010864.jpg,[0.189208984375]
ISIC_0011079.jpg,[0.26904296875]
ISIC_0011082.jpg,[0.289794921875]
ISIC_0011083.jpg,[0.054046630859375]
ISIC_0011085.jpg,[0.1878662109375]
ISIC_0011088.jpg,[0.13720703125]
ISIC_0011089.jpg,[0.08294677734375]
ISIC_0011090.jpg,[0.08941650390625]
ISIC_0011095.jpg,[0.273193359375]
ISIC_0011097.jpg,[0.1195068359375]
ISIC_0011099.jpg,[0.1474609375]
ISIC_0011101.jpg,[0.24072265625]
ISIC_0011102.jpg,[0.0858154296875]
ISIC_0011107.jpg,[0.3232421875]
ISIC_0011110.jpg,[0.155029296875]
ISIC_0011112.jpg,[0.2254638671875]
ISIC_0011114.jpg,[0.29833984375]
ISIC_0011115.jpg,[0.11700439453125]
ISIC_0011117.jpg,[0.07537841796875]
ISIC_0011118.jpg,[0.09600830078125]
ISIC_0011119.jpg,[0.038726806640625]
ISIC_0011121.jpg,[0.15478515625]
ISIC_0011123.jpg,[0.09649658203125]
ISIC_0011124.jpg,[0.15673828125]
ISIC_0011126.jpg,[0.254638671875]
ISIC_0011127.jpg,[0.287109375]
ISIC_0011130.jpg,[0.14990234375]
ISIC_0011131.jpg,[0.292724609375]
ISIC_0011132.jpg,[0.1683349609375]
ISIC_0011135.jpg,[0.233642578125]
ISIC_0011136.jpg,[0.28369140625]
ISIC_0011137.jpg,[0.043548583984375]
ISIC_0011140.jpg,[0.1160888671875]
ISIC_0011143.jpg,[0.10064697265625]
ISIC_0011144.jpg,[0.55126953125]
ISIC_0011145.jpg,[0.2049560546875]
ISIC_0011146.jpg,[0.246337890625]
ISIC_0011155.jpg,[0.275390625]
ISIC_0011157.jpg,[0.2001953125]
ISIC_0011158.jpg,[0.2120361328125]
ISIC_0011159.jpg,[0.35595703125]
ISIC_0011161.jpg,[0.07879638671875]
ISIC_0011162.jpg,[0.10723876953125]
ISIC_0011163.jpg,[0.150146484375]
ISIC_0011164.jpg,[0.141845703125]
ISIC_0011165.jpg,[0.1802978515625]
ISIC_0011166.jpg,[0.204345703125]
ISIC_0011167.jpg,[0.08544921875]
ISIC_0011168.jpg,[0.176513671875]
ISIC_0011169.jpg,[0.24072265625]
ISIC_0011170.jpg,[0.10693359375]
ISIC_0011171.jpg,[0.1302490234375]
ISIC_0011173.jpg,[0.109130859375]
ISIC_0011176.jpg,[0.2318115234375]
ISIC_0011177.jpg,[0.167236328125]
ISIC_0011199.jpg,[0.0855712890625]
ISIC_0011204.jpg,[0.0924072265625]
ISIC_0011205.jpg,[0.130615234375]
ISIC_0011207.jpg,[0.1485595703125]
ISIC_0011208.jpg,[0.1123046875]
ISIC_0011210.jpg,[0.43603515625]
ISIC_0011211.jpg,[0.081787109375]
ISIC_0011212.jpg,[0.1968994140625]
ISIC_0011213.jpg,[0.1610107421875]
ISIC_0011214.jpg,[0.10662841796875]
ISIC_0011215.jpg,[0.415771484375]
ISIC_0011218.jpg,[0.279296875]
ISIC_0011220.jpg,[0.144775390625]
ISIC_0011223.jpg,[0.1405029296875]
ISIC_0011225.jpg,[0.1990966796875]
ISIC_0011227.jpg,[0.0816650390625]
ISIC_0011229.jpg,[0.2216796875]
ISIC_0011230.jpg,[0.2509765625]
ISIC_0011292.jpg,[0.197998046875]
ISIC_0011294.jpg,[0.1358642578125]
ISIC_0011296.jpg,[0.088134765625]
ISIC_0011297.jpg,[0.05096435546875]
ISIC_0011298.jpg,[0.11712646484375]
ISIC_0011300.jpg,[0.3935546875]
ISIC_0011303.jpg,[0.31884765625]
ISIC_0011304.jpg,[0.2998046875]
ISIC_0011305.jpg,[0.08575439453125]
ISIC_0011306.jpg,[0.035614013671875]
ISIC_0011310.jpg,[0.059295654296875]
ISIC_0011315.jpg,[0.2315673828125]
ISIC_0011322.jpg,[0.267822265625]
ISIC_0011324.jpg,[0.2177734375]
ISIC_0011326.jpg,[0.169677734375]
ISIC_0011327.jpg,[0.28662109375]
ISIC_0011330.jpg,[0.2431640625]
ISIC_0011333.jpg,[0.05474853515625]
ISIC_0011336.jpg,[0.1361083984375]
ISIC_0011338.jpg,[0.316162109375]
ISIC_0011339.jpg,[0.2200927734375]
ISIC_0011343.jpg,[0.07672119140625]
ISIC_0011344.jpg,[0.313232421875]
ISIC_0011345.jpg,[0.03826904296875]
ISIC_0011347.jpg,[0.1256103515625]
ISIC_0011348.jpg,[0.06182861328125]
ISIC_0011352.jpg,[0.0302276611328125]
ISIC_0011353.jpg,[0.06329345703125]
ISIC_0011361.jpg,[0.33740234375]
ISIC_0011362.jpg,[0.10638427734375]
ISIC_0011363.jpg,[0.271728515625]
ISIC_0011366.jpg,[0.262939453125]
ISIC_0011367.jpg,[0.0843505859375]
ISIC_0011382.jpg,[0.2091064453125]
ISIC_0011386.jpg,[0.4677734375]
ISIC_0011387.jpg,[0.05096435546875]
ISIC_0011393.jpg,[0.2242431640625]
ISIC_0011397.jpg,[0.164794921875]
ISIC_0011398.jpg,[0.186767578125]
ISIC_0011402.jpg,[0.15625]
ISIC_0012137.jpg,[0.229736328125]
ISIC_0012148.jpg,[0.376953125]
ISIC_0012155.jpg,[0.2666015625]
ISIC_0012167.jpg,[0.342529296875]
ISIC_0012170.jpg,[0.25244140625]
ISIC_0012172.jpg,[0.142333984375]
ISIC_0012179.jpg,[0.168212890625]
ISIC_0012209.jpg,[0.439697265625]
ISIC_0012214.jpg,[0.08294677734375]
ISIC_0012253.jpg,[0.1611328125]
ISIC_0012257.jpg,[0.305908203125]
ISIC_0012260.jpg,[0.220947265625]
ISIC_0012274.jpg,[0.230224609375]
ISIC_0012285.jpg,[0.4404296875]
ISIC_0012324.jpg,[0.4384765625]
ISIC_0012325.jpg,[0.2020263671875]
ISIC_0012329.jpg,[0.251708984375]
ISIC_0012339.jpg,[0.460693359375]
ISIC_0012379.jpg,[0.1461181640625]
ISIC_0012381.jpg,[0.2437744140625]
ISIC_0012382.jpg,[0.1893310546875]
ISIC_0012386.jpg,[0.285888671875]
ISIC_0012455.jpg,[0.364990234375]
ISIC_0012459.jpg,[0.205810546875]
ISIC_0012464.jpg,[0.48486328125]
ISIC_0012473.jpg,[0.23486328125]
ISIC_0012494.jpg,[0.38623046875]
ISIC_0012508.jpg,[0.1761474609375]
ISIC_0012512.jpg,[0.174072265625]
ISIC_0012516.jpg,[0.246337890625]
ISIC_0012661.jpg,[0.297119140625]
ISIC_0012663.jpg,[0.11572265625]
ISIC_0012664.jpg,[0.254150390625]
ISIC_0012665.jpg,[0.1826171875]
ISIC_0012792.jpg,[0.1241455078125]
ISIC_0012793.jpg,[0.23046875]
ISIC_0012811.jpg,[0.1590576171875]
ISIC_0012957.jpg,[0.2188720703125]
ISIC_0012962.jpg,[0.282470703125]
ISIC_0012966.jpg,[0.22412109375]
ISIC_0012998.jpg,[0.13525390625]
ISIC_0013024.jpg,[0.488037109375]
ISIC_0013033.jpg,[0.183349609375]
ISIC_0013034.jpg,[0.151123046875]
ISIC_0013037.jpg,[0.0640869140625]
ISIC_0013080.jpg,[0.259765625]
ISIC_0013112.jpg,[0.45751953125]
ISIC_0013120.jpg,[0.32275390625]
ISIC_0013189.jpg,[0.24365234375]
ISIC_0013190.jpg,[0.1546630859375]
ISIC_0013306.jpg,[0.29052734375]
ISIC_0013310.jpg,[0.26611328125]
ISIC_0013315.jpg,[0.44140625]
ISIC_0013480.jpg,[0.11798095703125]
ISIC_0013596.jpg,[0.240234375]
ISIC_0013670.jpg,[0.170166015625]
ISIC_0013674.jpg,[0.26513671875]
ISIC_0013685.jpg,[0.36865234375]
ISIC_0013707.jpg,[0.1287841796875]
ISIC_0013725.jpg,[0.2958984375]
ISIC_0013801.jpg,[0.0904541015625]
ISIC_0013808.jpg,[0.11187744140625]
ISIC_0013832.jpg,[0.355224609375]
ISIC_0013876.jpg,[0.28857421875]
ISIC_0013969.jpg,[0.12841796875]
ISIC_0013972.jpg,[0.2109375]
ISIC_0014114.jpg,[0.4970703125]
ISIC_0014289.jpg,[0.2060546875]
ISIC_0014290.jpg,[0.1668701171875]
ISIC_0014291.jpg,[0.1378173828125]
ISIC_0014341.jpg,[0.1805419921875]
ISIC_0014598.jpg,[0.16064453125]
ISIC_0014599.jpg,[0.53466796875]
ISIC_0014621.jpg,[0.440673828125]
ISIC_0014657.jpg,[0.23291015625]
ISIC_0014658.jpg,[0.3994140625]
ISIC_0014661.jpg,[0.124755859375]
ISIC_0014664.jpg,[0.313720703125]
ISIC_0014665.jpg,[0.208984375]
ISIC_0014667.jpg,[0.06689453125]
ISIC_0014680.jpg,[0.3134765625]
ISIC_0014682.jpg,[0.2183837890625]
ISIC_0014683.jpg,[0.174072265625]
ISIC_0014684.jpg,[0.331787109375]
ISIC_0014685.jpg,[0.302490234375]
ISIC_0014692.jpg,[0.25244140625]
ISIC_0014694.jpg,[0.17529296875]
ISIC_0014696.jpg,[0.048187255859375]
ISIC_0014699.jpg,[0.2010498046875]
ISIC_0014702.jpg,[0.3974609375]
ISIC_0014707.jpg,[0.28173828125]
ISIC_0014708.jpg,[0.06341552734375]
ISIC_0014711.jpg,[0.14306640625]
ISIC_0014713.jpg,[0.351806640625]
ISIC_0014714.jpg,[0.1575927734375]
ISIC_0014715.jpg,[0.3125]
ISIC_0014716.jpg,[0.43701171875]
ISIC_0014722.jpg,[0.257080078125]
ISIC_0014723.jpg,[0.4365234375]
ISIC_0014724.jpg,[0.2437744140625]
ISIC_0014726.jpg,[0.330322265625]
ISIC_0014730.jpg,[0.416259765625]
ISIC_0014731.jpg,[0.1588134765625]
ISIC_0014735.jpg,[0.10833740234375]
ISIC_0014739.jpg,[0.3427734375]
ISIC_0014742.jpg,[0.35693359375]
ISIC_0014745.jpg,[0.374755859375]
ISIC_0014748.jpg,[0.1864013671875]
ISIC_0014754.jpg,[0.273193359375]
ISIC_0014760.jpg,[0.20849609375]
ISIC_0014762.jpg,[0.261962890625]
ISIC_0014763.jpg,[0.2073974609375]
ISIC_0014769.jpg,[0.331298828125]
ISIC_0014770.jpg,[0.1767578125]
ISIC_0014771.jpg,[0.46044921875]
ISIC_0014775.jpg,[0.5068359375]
ISIC_0014778.jpg,[0.27294921875]
ISIC_0014779.jpg,[0.201416015625]
ISIC_0014782.jpg,[0.10986328125]
ISIC_0014783.jpg,[0.396240234375]
ISIC_0014785.jpg,[0.3564453125]
ISIC_0014788.jpg,[0.1815185546875]
ISIC_0014791.jpg,[0.19580078125]
ISIC_0014793.jpg,[0.2315673828125]
ISIC_0014794.jpg,[0.06317138671875]
ISIC_0014795.jpg,[0.40869140625]
ISIC_0014797.jpg,[0.04644775390625]
ISIC_0014802.jpg,[0.26806640625]
ISIC_0014803.jpg,[0.326171875]
ISIC_0014804.jpg,[0.279296875]
ISIC_0014805.jpg,[0.25927734375]
ISIC_0014806.jpg,[0.40673828125]
ISIC_0014808.jpg,[0.243896484375]
ISIC_0014811.jpg,[0.2318115234375]
ISIC_0014812.jpg,[0.269287109375]
ISIC_0014818.jpg,[0.389892578125]
ISIC_0014819.jpg,[0.17333984375]
ISIC_0014821.jpg,[0.2242431640625]
ISIC_0014823.jpg,[0.2021484375]
ISIC_0014825.jpg,[0.212890625]
ISIC_0014830.jpg,[0.37109375]
ISIC_0014831.jpg,[0.353515625]
ISIC_0014832.jpg,[0.260498046875]
ISIC_0014834.jpg,[0.07421875]
ISIC_0014836.jpg,[0.24365234375]
ISIC_0014838.jpg,[0.341552734375]
ISIC_0014839.jpg,[0.26171875]
ISIC_0014843.jpg,[0.25390625]
ISIC_0014845.jpg,[0.1876220703125]
ISIC_0014846.jpg,[0.279541015625]
ISIC_0014848.jpg,[0.395751953125]
ISIC_0014849.jpg,[0.310302734375]
ISIC_0014850.jpg,[0.143310546875]
ISIC_0014851.jpg,[0.3193359375]
ISIC_0014855.jpg,[0.32958984375]
ISIC_0014860.jpg,[0.3095703125]
ISIC_0014866.jpg,[0.388427734375]
ISIC_0014869.jpg,[0.2763671875]
ISIC_0014890.jpg,[0.035064697265625]
ISIC_0014891.jpg,[0.282470703125]
ISIC_0014897.jpg,[0.2308349609375]
ISIC_0014898.jpg,[0.354736328125]
ISIC_0014903.jpg,[0.2222900390625]
ISIC_0014904.jpg,[0.4013671875]
ISIC_0014908.jpg,[0.470458984375]
ISIC_0014911.jpg,[0.164306640625]
ISIC_0014913.jpg,[0.40771484375]
ISIC_0014915.jpg,[0.172607421875]
ISIC_0014919.jpg,[0.2626953125]
ISIC_0014923.jpg,[0.191650390625]
ISIC_0014925.jpg,[0.05419921875]
ISIC_0014926.jpg,[0.142822265625]
ISIC_0014929.jpg,[0.249755859375]
ISIC_0014930.jpg,[0.31884765625]
ISIC_0014933.jpg,[0.315185546875]
ISIC_0014951.jpg,[0.16552734375]
ISIC_0014975.jpg,[0.26708984375]
ISIC_0014983.jpg,[0.457275390625]
ISIC_0014987.jpg,[0.27734375]
ISIC_0015005.jpg,[0.23095703125]
ISIC_0015006.jpg,[0.2177734375]
ISIC_0015032.jpg,[0.2724609375]
ISIC_0015038.jpg,[0.1463623046875]
ISIC_0015044.jpg,[0.180419921875]
ISIC_0015045.jpg,[0.3916015625]
ISIC_0015079.jpg,[0.296630859375]
ISIC_0015082.jpg,[0.137939453125]
ISIC_0015108.jpg,[0.25146484375]
ISIC_0015109.jpg,[0.2037353515625]
ISIC_0015110.jpg,[0.07196044921875]
ISIC_0015112.jpg,[0.261474609375]
ISIC_0015113.jpg,[0.1966552734375]
ISIC_0015153.jpg,[0.34912109375]
ISIC_0015158.jpg,[0.1373291015625]
ISIC_0015166.jpg,[0.10009765625]
ISIC_0015168.jpg,[0.162353515625]
ISIC_0015170.jpg,[0.2359619140625]
ISIC_0015181.jpg,[0.296875]
ISIC_0015182.jpg,[0.291259765625]
ISIC_0015189.jpg,[0.483154296875]
ISIC_0015190.jpg,[0.2042236328125]
ISIC_0015200.jpg,[0.4775390625]
ISIC_0015204.jpg,[0.40380859375]
ISIC_0015219.jpg,[0.1998291015625]
ISIC_0015220.jpg,[0.2100830078125]
ISIC_0015233.jpg,[0.1748046875]
ISIC_0015260.jpg,[0.38330078125]
ISIC_0015284.jpg,[0.265625]
ISIC_0015295.jpg,[0.232421875]
ISIC_Data_1.jpg,[0.066162109375]
ISIC_Data_10.jpg,[0.1905517578125]
ISIC_Data_100.jpg,[0.156982421875]
ISIC_Data_1000.jpg,[0.1436767578125]
ISIC_Data_101.jpg,[0.058563232421875]
ISIC_Data_1015.jpg,[0.1689453125]
ISIC_Data_1016.jpg,[0.413330078125]
ISIC_Data_1017.jpg,[0.10345458984375]
ISIC_Data_1018.jpg,[0.237548828125]
ISIC_Data_102.jpg,[0.28173828125]
ISIC_Data_1020.jpg,[0.052703857421875]
ISIC_Data_1021.jpg,[0.1741943359375]
ISIC_Data_1022.jpg,[0.1060791015625]
ISIC_Data_1023.jpg,[0.1512451171875]
ISIC_Data_1024.jpg,[0.06756591796875]
ISIC_Data_1025.jpg,[0.040283203125]
ISIC_Data_1026.jpg,[0.44287109375]
ISIC_Data_1027.jpg,[0.287841796875]
ISIC_Data_1028.jpg,[0.05926513671875]
ISIC_Data_103.jpg,[0.25146484375]
ISIC_Data_1030.jpg,[0.153564453125]
ISIC_Data_1031.jpg,[0.316650390625]
ISIC_Data_1032.jpg,[0.121337890625]
ISIC_Data_1033.jpg,[0.08197021484375]
ISIC_Data_1034.jpg,[0.259521484375]
ISIC_Data_1035.jpg,[0.317138671875]
ISIC_Data_1036.jpg,[0.06494140625]
ISIC_Data_1037.jpg,[0.19775390625]
ISIC_Data_1038.jpg,[0.2255859375]
ISIC_Data_1039.jpg,[0.295654296875]
ISIC_Data_104.jpg,[0.1243896484375]
ISIC_Data_1040.jpg,[0.1309814453125]
ISIC_Data_1041.jpg,[0.07781982421875]
ISIC_Data_1043.jpg,[0.048553466796875]
ISIC_Data_1044.jpg,[0.33740234375]
ISIC_Data_1045.jpg,[0.270751953125]
ISIC_Data_1046.jpg,[0.0841064453125]
ISIC_Data_1047.jpg,[0.1602783203125]
ISIC_Data_1048.jpg,[0.250732421875]
ISIC_Data_1049.jpg,[0.18798828125]
ISIC_Data_105.jpg,[0.43310546875]
ISIC_Data_1050.jpg,[0.1322021484375]
ISIC_Data_1051.jpg,[0.126953125]
ISIC_Data_1052.jpg,[0.1907958984375]
ISIC_Data_1053.jpg,[0.08087158203125]
ISIC_Data_1054.jpg,[0.1756591796875]
ISIC_Data_1055.jpg,[0.078369140625]
ISIC_Data_1056.jpg,[0.165771484375]
ISIC_Data_1057.jpg,[0.07080078125]
ISIC_Data_1058.jpg,[0.045501708984375]
ISIC_Data_1059.jpg,[0.5771484375]
ISIC_Data_106.jpg,[0.04986572265625]
ISIC_Data_107.jpg,[0.259765625]
ISIC_Data_108.jpg,[0.1986083984375]
ISIC_Data_109.jpg,[0.251708984375]
ISIC_Data_11.jpg,[0.21337890625]
ISIC_Data_110.jpg,[0.1131591796875]
ISIC_Data_111.jpg,[0.2476806640625]
ISIC_Data_1111.jpg,[0.44482421875]
ISIC_Data_1112.jpg,[0.40771484375]
ISIC_Data_1113.jpg,[0.07611083984375]
ISIC_Data_1114.jpg,[0.268798828125]
ISIC_Data_1115.jpg,[0.283935546875]
ISIC_Data_1116.jpg,[0.072265625]
ISIC_Data_1117.jpg,[0.09686279296875]
ISIC_Data_1118.jpg,[0.050811767578125]
ISIC_Data_1119.jpg,[0.269775390625]
ISIC_Data_112.jpg,[0.10601806640625]
ISIC_Data_1120.jpg,[0.05645751953125]
ISIC_Data_1121.jpg,[0.05218505859375]
ISIC_Data_1122.jpg,[0.1282958984375]
ISIC_Data_1123.jpg,[0.22119140625]
ISIC_Data_1125.jpg,[0.2216796875]
ISIC_Data_1126.jpg,[0.346923828125]
ISIC_Data_1127.jpg,[0.05206298828125]
ISIC_Data_1128.jpg,[0.302490234375]
ISIC_Data_1129.jpg,[0.061279296875]
ISIC_Data_113.jpg,[0.26708984375]
ISIC_Data_1130.jpg,[0.2174072265625]
ISIC_Data_1131.jpg,[0.298095703125]
ISIC_Data_1132.jpg,[0.251708984375]
ISIC_Data_1133.jpg,[0.0784912109375]
ISIC_Data_1134.jpg,[0.470703125]
ISIC_Data_1135.jpg,[0.06707763671875]
ISIC_Data_1136.jpg,[0.1351318359375]
ISIC_Data_1137.jpg,[0.1416015625]
ISIC_Data_114.jpg,[0.30908203125]
ISIC_Data_115.jpg,[0.4208984375]
ISIC_Data_116.jpg,[0.12548828125]
ISIC_Data_117.jpg,[0.08160400390625]
ISIC_Data_118.jpg,[0.1617431640625]
ISIC_Data_119.jpg,[0.517578125]
ISIC_Data_12.jpg,[0.1324462890625]
ISIC_Data_120.jpg,[0.368408203125]
ISIC_Data_121.jpg,[0.218505859375]
ISIC_Data_122.jpg,[0.1441650390625]
ISIC_Data_123.jpg,[0.307373046875]
ISIC_Data_124.jpg,[0.08917236328125]
ISIC_Data_125.jpg,[0.2021484375]
ISIC_Data_126.jpg,[0.242431640625]
ISIC_Data_127.jpg,[0.1773681640625]
ISIC_Data_128.jpg,[0.2191162109375]
ISIC_Data_129.jpg,[0.06988525390625]
ISIC_Data_13.jpg,[0.0947265625]
ISIC_Data_130.jpg,[0.10382080078125]
ISIC_Data_131.jpg,[0.2113037109375]
ISIC_Data_132.jpg,[0.2373046875]
ISIC_Data_133.jpg,[0.301513671875]
ISIC_Data_134.jpg,[0.393310546875]
ISIC_Data_135.jpg,[0.1982421875]
ISIC_Data_136.jpg,[0.3603515625]
ISIC_Data_137.jpg,[0.283203125]
ISIC_Data_138.jpg,[0.04656982421875]
ISIC_Data_139.jpg,[0.08624267578125]
ISIC_Data_14.jpg,[0.035552978515625]
ISIC_Data_140.jpg,[0.11041259765625]
ISIC_Data_141.jpg,[0.2257080078125]
ISIC_Data_142.jpg,[0.1695556640625]
ISIC_Data_143.jpg,[0.12939453125]
ISIC_Data_144.jpg,[0.2421875]
ISIC_Data_145.jpg,[0.2054443359375]
ISIC_Data_146.jpg,[0.1712646484375]
ISIC_Data_147.jpg,[0.28662109375]
ISIC_Data_148.jpg,[0.119140625]
ISIC_Data_149.jpg,[0.2998046875]
ISIC_Data_15.jpg,[0.1988525390625]
ISIC_Data_150.jpg,[0.405029296875]
ISIC_Data_151.jpg,[0.2203369140625]
ISIC_Data_152.jpg,[0.07550048828125]
ISIC_Data_153.jpg,[0.421142578125]
ISIC_Data_154.jpg,[0.09375]
ISIC_Data_155.jpg,[0.1693115234375]
ISIC_Data_157.jpg,[0.135986328125]
ISIC_Data_158.jpg,[0.16748046875]
ISIC_Data_159.jpg,[0.230224609375]
ISIC_Data_16.jpg,[0.064208984375]
ISIC_Data_161.jpg,[0.229248046875]
ISIC_Data_162.jpg,[0.297119140625]
ISIC_Data_163.jpg,[0.1273193359375]
ISIC_Data_164.jpg,[0.20263671875]
ISIC_Data_165.jpg,[0.06097412109375]
ISIC_Data_166.jpg,[0.32275390625]
ISIC_Data_167.jpg,[0.097900390625]
ISIC_Data_168.jpg,[0.08135986328125]
ISIC_Data_169.jpg,[0.2357177734375]
ISIC_Data_17.jpg,[0.211669921875]
ISIC_Data_170.jpg,[0.30419921875]
ISIC_Data_171.jpg,[0.251708984375]
ISIC_Data_172.jpg,[0.1505126953125]
ISIC_Data_173.jpg,[0.368408203125]
ISIC_Data_174.jpg,[0.205810546875]
ISIC_Data_175.jpg,[0.2423095703125]
ISIC_Data_176.jpg,[0.30078125]
ISIC_Data_177.jpg,[0.428466796875]
ISIC_Data_178.jpg,[0.030487060546875]
ISIC_Data_179.jpg,[0.25830078125]
ISIC_Data_18.jpg,[0.046417236328125]
ISIC_Data_180.jpg,[0.29296875]
ISIC_Data_181.jpg,[0.293212890625]
ISIC_Data_182.jpg,[0.19482421875]
ISIC_Data_183.jpg,[0.10064697265625]
ISIC_Data_184.jpg,[0.1546630859375]
ISIC_Data_185.jpg,[0.260009765625]
ISIC_Data_186.jpg,[0.287353515625]
ISIC_Data_187.jpg,[0.376220703125]
ISIC_Data_188.jpg,[0.26708984375]
ISIC_Data_189.jpg,[0.273681640625]
ISIC_Data_19.jpg,[0.162109375]
ISIC_Data_190.jpg,[0.146728515625]
ISIC_Data_191.jpg,[0.05328369140625]
ISIC_Data_192.jpg,[0.313720703125]
ISIC_Data_193.jpg,[0.130126953125]
ISIC_Data_194.jpg,[0.41162109375]
ISIC_Data_195.jpg,[0.15673828125]
ISIC_Data_196.jpg,[0.1619873046875]
ISIC_Data_197.jpg,[0.26611328125]
ISIC_Data_198.jpg,[0.331787109375]
ISIC_Data_199.jpg,[0.39306640625]
ISIC_Data_2.jpg,[0.0592041015625]
ISIC_Data_20.jpg,[0.297607421875]
ISIC_Data_200.jpg,[0.188232421875]
ISIC_Data_201.jpg,[0.11669921875]
ISIC_Data_202.jpg,[0.06549072265625]
ISIC_Data_203.jpg,[0.1644287109375]
ISIC_Data_204.jpg,[0.04632568359375]
ISIC_Data_205.jpg,[0.2213134765625]
ISIC_Data_206.jpg,[0.2685546875]
ISIC_Data_207.jpg,[0.138427734375]
ISIC_Data_208.jpg,[0.225830078125]
ISIC_Data_2089.jpg,[0.229736328125]
ISIC_Data_209.jpg,[0.299560546875]
ISIC_Data_2090.jpg,[0.1636962890625]
ISIC_Data_2091.jpg,[0.236328125]
ISIC_Data_2092.jpg,[0.312744140625]
ISIC_Data_2093.jpg,[0.1656494140625]
ISIC_Data_2094.jpg,[0.287841796875]
ISIC_Data_2095.jpg,[0.220458984375]
ISIC_Data_2096.jpg,[0.1470947265625]
ISIC_Data_2097.jpg,[0.256591796875]
ISIC_Data_2098.jpg,[0.1983642578125]
ISIC_Data_2099.jpg,[0.1402587890625]
ISIC_Data_21.jpg,[0.0712890625]
ISIC_Data_210.jpg,[0.296142578125]
ISIC_Data_2100.jpg,[0.3134765625]
ISIC_Data_2101.jpg,[0.25830078125]
ISIC_Data_2102.jpg,[0.237548828125]
ISIC_Data_2103.jpg,[0.09295654296875]
ISIC_Data_2104.jpg,[0.410888671875]
ISIC_Data_2105.jpg,[0.206298828125]
ISIC_Data_2106.jpg,[0.1939697265625]
ISIC_Data_2107.jpg,[0.294921875]
ISIC_Data_2108.jpg,[0.1163330078125]
ISIC_Data_2109.jpg,[0.25732421875]
ISIC_Data_2110.jpg,[0.1767578125]
ISIC_Data_2111.jpg,[0.1981201171875]
ISIC_Data_2112.jpg,[0.1910400390625]
ISIC_Data_2113.jpg,[0.3310546875]
ISIC_Data_2114.jpg,[0.175537109375]
ISIC_Data_2115.jpg,[0.251953125]
ISIC_Data_2116.jpg,[0.2105712890625]
ISIC_Data_2117.jpg,[0.3193359375]
ISIC_Data_2118.jpg,[0.279052734375]
ISIC_Data_2119.jpg,[0.2493896484375]
ISIC_Data_212.jpg,[0.23095703125]
ISIC_Data_2120.jpg,[0.19775390625]
ISIC_Data_2121.jpg,[0.337646484375]
ISIC_Data_2122.jpg,[0.364501953125]
ISIC_Data_2123.jpg,[0.31982421875]
ISIC_Data_2124.jpg,[0.39794921875]
ISIC_Data_2125.jpg,[0.29150390625]
ISIC_Data_2126.jpg,[0.4658203125]
ISIC_Data_2127.jpg,[0.299072265625]
ISIC_Data_2128.jpg,[0.228515625]
ISIC_Data_2129.jpg,[0.2266845703125]
ISIC_Data_213.jpg,[0.1971435546875]
ISIC_Data_2130.jpg,[0.482421875]
ISIC_Data_2131.jpg,[0.279296875]
ISIC_Data_2132.jpg,[0.251220703125]
ISIC_Data_2133.jpg,[0.4384765625]
ISIC_Data_2134.jpg,[0.1016845703125]
ISIC_Data_2135.jpg,[0.212890625]
ISIC_Data_2136.jpg,[0.286865234375]
ISIC_Data_2137.jpg,[0.10662841796875]
ISIC_Data_2138.jpg,[0.2255859375]
ISIC_Data_2139.jpg,[0.26025390625]
ISIC_Data_214.jpg,[0.12152099609375]
ISIC_Data_2141.jpg,[0.30029296875]
ISIC_Data_2142.jpg,[0.286865234375]
ISIC_Data_2143.jpg,[0.12347412109375]
ISIC_Data_2144.jpg,[0.1953125]
ISIC_Data_2145.jpg,[0.2156982421875]
ISIC_Data_2146.jpg,[0.249755859375]
ISIC_Data_2147.jpg,[0.3212890625]
ISIC_Data_2148.jpg,[0.46533203125]
ISIC_Data_2149.jpg,[0.2578125]
ISIC_Data_215.jpg,[0.0274658203125]
ISIC_Data_2150.jpg,[0.258056640625]
ISIC_Data_2151.jpg,[0.396484375]
ISIC_Data_2152.jpg,[0.07647705078125]
ISIC_Data_2153.jpg,[0.2152099609375]
ISIC_Data_2154.jpg,[0.2022705078125]
ISIC_Data_2155.jpg,[0.228271484375]
ISIC_Data_2156.jpg,[0.13232421875]
ISIC_Data_2157.jpg,[0.310791015625]
ISIC_Data_2158.jpg,[0.2276611328125]
ISIC_Data_2159.jpg,[0.234375]
ISIC_Data_216.jpg,[0.171630859375]
ISIC_Data_2160.jpg,[0.115966796875]
ISIC_Data_2161.jpg,[0.0955810546875]
ISIC_Data_2162.jpg,[0.259765625]
ISIC_Data_2163.jpg,[0.080810546875]
ISIC_Data_2164.jpg,[0.1290283203125]
ISIC_Data_2165.jpg,[0.2216796875]
ISIC_Data_2166.jpg,[0.29638671875]
ISIC_Data_2167.jpg,[0.2288818359375]
ISIC_Data_2168.jpg,[0.2088623046875]
ISIC_Data_2169.jpg,[0.23046875]
ISIC_Data_217.jpg,[0.249267578125]
ISIC_Data_2170.jpg,[0.2318115234375]
ISIC_Data_2171.jpg,[0.325439453125]
ISIC_Data_2172.jpg,[0.409912109375]
ISIC_Data_2173.jpg,[0.373779296875]
ISIC_Data_2174.jpg,[0.2578125]
ISIC_Data_2175.jpg,[0.4443359375]
ISIC_Data_2176.jpg,[0.168212890625]
ISIC_Data_2177.jpg,[0.2283935546875]
ISIC_Data_2178.jpg,[0.2342529296875]
ISIC_Data_2179.jpg,[0.11785888671875]
ISIC_Data_218.jpg,[0.0791015625]
ISIC_Data_2180.jpg,[0.054779052734375]
ISIC_Data_2181.jpg,[0.2432861328125]
ISIC_Data_2182.jpg,[0.337890625]
ISIC_Data_2183.jpg,[0.06427001953125]
ISIC_Data_2184.jpg,[0.30615234375]
ISIC_Data_2185.jpg,[0.135498046875]
ISIC_Data_2186.jpg,[0.277587890625]
ISIC_Data_2187.jpg,[0.263427734375]
ISIC_Data_2188.jpg,[0.1356201171875]
ISIC_Data_2189.jpg,[0.33349609375]
ISIC_Data_219.jpg,[0.25634765625]
ISIC_Data_2190.jpg,[0.36669921875]
ISIC_Data_2191.jpg,[0.5009765625]
ISIC_Data_2192.jpg,[0.169189453125]
ISIC_Data_2193.jpg,[0.1162109375]
ISIC_Data_2194.jpg,[0.347412109375]
ISIC_Data_2195.jpg,[0.2388916015625]
ISIC_Data_2196.jpg,[0.333984375]
ISIC_Data_2197.jpg,[0.410888671875]
ISIC_Data_2198.jpg,[0.232421875]
ISIC_Data_2199.jpg,[0.32666015625]
ISIC_Data_22.jpg,[0.1014404296875]
ISIC_Data_220.jpg,[0.08148193359375]
ISIC_Data_2200.jpg,[0.155029296875]
ISIC_Data_2201.jpg,[0.060943603515625]
ISIC_Data_2202.jpg,[0.29345703125]
ISIC_Data_2203.jpg,[0.05584716796875]
ISIC_Data_2204.jpg,[0.1474609375]
ISIC_Data_2205.jpg,[0.236328125]
ISIC_Data_2206.jpg,[0.265625]
ISIC_Data_2207.jpg,[0.18603515625]
ISIC_Data_2208.jpg,[0.364990234375]
ISIC_Data_2209.jpg,[0.08758544921875]
ISIC_Data_221.jpg,[0.0828857421875]
ISIC_Data_2210.jpg,[0.31982421875]
ISIC_Data_2211.jpg,[0.31640625]
ISIC_Data_2212.jpg,[0.31298828125]
ISIC_Data_2213.jpg,[0.285400390625]
ISIC_Data_2214.jpg,[0.2027587890625]
ISIC_Data_2215.jpg,[0.31982421875]
ISIC_Data_2216.jpg,[0.55078125]
ISIC_Data_2217.jpg,[0.4482421875]
ISIC_Data_2218.jpg,[0.118408203125]
ISIC_Data_2219.jpg,[0.05889892578125]
ISIC_Data_222.jpg,[0.029022216796875]
ISIC_Data_2220.jpg,[0.0816650390625]
ISIC_Data_2221.jpg,[0.22900390625]
ISIC_Data_2222.jpg,[0.252685546875]
ISIC_Data_2223.jpg,[0.310791015625]
ISIC_Data_2224.jpg,[0.264892578125]
ISIC_Data_2225.jpg,[0.303955078125]
ISIC_Data_2226.jpg,[0.263427734375]
ISIC_Data_2227.jpg,[0.45556640625]
ISIC_Data_2228.jpg,[0.263671875]
ISIC_Data_2229.jpg,[0.2408447265625]
ISIC_Data_223.jpg,[0.18505859375]
ISIC_Data_2230.jpg,[0.445556640625]
ISIC_Data_2231.jpg,[0.10662841796875]
ISIC_Data_2232.jpg,[0.299560546875]
ISIC_Data_2233.jpg,[0.290283203125]
ISIC_Data_2234.jpg,[0.275390625]
ISIC_Data_2236.jpg,[0.2587890625]
ISIC_Data_2238.jpg,[0.297607421875]
ISIC_Data_2239.jpg,[0.049041748046875]
ISIC_Data_224.jpg,[0.0631103515625]
ISIC_Data_2240.jpg,[0.0853271484375]
ISIC_Data_2241.jpg,[0.27001953125]
ISIC_Data_2242.jpg,[0.1998291015625]
ISIC_Data_2243.jpg,[0.300048828125]
ISIC_Data_2244.jpg,[0.31005859375]
ISIC_Data_2245.jpg,[0.286865234375]
ISIC_Data_2246.jpg,[0.1011962890625]
ISIC_Data_2247.jpg,[0.3564453125]
ISIC_Data_2248.jpg,[0.3095703125]
ISIC_Data_2249.jpg,[0.2349853515625]
ISIC_Data_225.jpg,[0.0921630859375]
ISIC_Data_2251.jpg,[0.286376953125]
ISIC_Data_2252.jpg,[0.31640625]
ISIC_Data_2253.jpg,[0.323486328125]
ISIC_Data_2255.jpg,[0.17919921875]
ISIC_Data_2256.jpg,[0.2091064453125]
ISIC_Data_2257.jpg,[0.30859375]
ISIC_Data_2259.jpg,[0.299072265625]
ISIC_Data_226.jpg,[0.15869140625]
ISIC_Data_2260.jpg,[0.2047119140625]
ISIC_Data_2261.jpg,[0.1788330078125]
ISIC_Data_2262.jpg,[0.3349609375]
ISIC_Data_2264.jpg,[0.1304931640625]
ISIC_Data_2265.jpg,[0.203857421875]
ISIC_Data_2266.jpg,[0.304443359375]
ISIC_Data_2267.jpg,[0.328857421875]
ISIC_Data_2268.jpg,[0.428466796875]
ISIC_Data_2269.jpg,[0.267822265625]
ISIC_Data_227.jpg,[0.07855224609375]
ISIC_Data_2270.jpg,[0.349609375]
ISIC_Data_2271.jpg,[0.2265625]
ISIC_Data_2272.jpg,[0.255126953125]
ISIC_Data_2273.jpg,[0.416748046875]
ISIC_Data_2274.jpg,[0.224853515625]
ISIC_Data_2275.jpg,[0.2332763671875]
ISIC_Data_2276.jpg,[0.1810302734375]
ISIC_Data_2277.jpg,[0.440673828125]
ISIC_Data_2278.jpg,[0.1773681640625]
ISIC_Data_2279.jpg,[0.446044921875]
ISIC_Data_228.jpg,[0.3125]
ISIC_Data_2280.jpg,[0.352294921875]
ISIC_Data_2281.jpg,[0.269287109375]
ISIC_Data_2282.jpg,[0.322998046875]
ISIC_Data_2283.jpg,[0.1505126953125]
ISIC_Data_2284.jpg,[0.2413330078125]
ISIC_Data_2285.jpg,[0.2666015625]
ISIC_Data_2286.jpg,[0.2305908203125]
ISIC_Data_2287.jpg,[0.21630859375]
ISIC_Data_2288.jpg,[0.19482421875]
ISIC_Data_2289.jpg,[0.325927734375]
ISIC_Data_229.jpg,[0.236572265625]
ISIC_Data_2290.jpg,[0.3984375]
ISIC_Data_2291.jpg,[0.3583984375]
ISIC_Data_2292.jpg,[0.383544921875]
ISIC_Data_2293.jpg,[0.1624755859375]
ISIC_Data_2294.jpg,[0.252685546875]
ISIC_Data_2295.jpg,[0.328125]
ISIC_Data_2296.jpg,[0.271240234375]
ISIC_Data_2297.jpg,[0.34033203125]
ISIC_Data_2298.jpg,[0.21484375]
ISIC_Data_2299.jpg,[0.41162109375]
ISIC_Data_23.jpg,[0.1209716796875]
ISIC_Data_230.jpg,[0.2227783203125]
ISIC_Data_2300.jpg,[0.255615234375]
ISIC_Data_2301.jpg,[0.2607421875]
ISIC_Data_2302.jpg,[0.061187744140625]
ISIC_Data_2303.jpg,[0.41552734375]
ISIC_Data_2304.jpg,[0.427001953125]
ISIC_Data_2305.jpg,[0.09228515625]
ISIC_Data_2306.jpg,[0.185302734375]
ISIC_Data_2307.jpg,[0.301025390625]
ISIC_Data_2308.jpg,[0.274169921875]
ISIC_Data_2309.jpg,[0.38818359375]
ISIC_Data_231.jpg,[0.19189453125]
ISIC_Data_2310.jpg,[0.1776123046875]
ISIC_Data_2311.jpg,[0.1578369140625]
ISIC_Data_2312.jpg,[0.3232421875]
ISIC_Data_2313.jpg,[0.4541015625]
ISIC_Data_2314.jpg,[0.1673583984375]
ISIC_Data_2315.jpg,[0.213623046875]
ISIC_Data_2316.jpg,[0.4599609375]
ISIC_Data_2317.jpg,[0.1583251953125]
ISIC_Data_2318.jpg,[0.264404296875]
ISIC_Data_2319.jpg,[0.1910400390625]
ISIC_Data_232.jpg,[0.236083984375]
ISIC_Data_2320.jpg,[0.1851806640625]
ISIC_Data_2321.jpg,[0.2169189453125]
ISIC_Data_2322.jpg,[0.293701171875]
ISIC_Data_2323.jpg,[0.1180419921875]
ISIC_Data_2324.jpg,[0.28369140625]
ISIC_Data_2325.jpg,[0.1671142578125]
ISIC_Data_2326.jpg,[0.344482421875]
ISIC_Data_2327.jpg,[0.240478515625]
ISIC_Data_2328.jpg,[0.0494384765625]
ISIC_Data_2329.jpg,[0.20458984375]
ISIC_Data_233.jpg,[0.156005859375]
ISIC_Data_2330.jpg,[0.43994140625]
ISIC_Data_2331.jpg,[0.2490234375]
ISIC_Data_2333.jpg,[0.1646728515625]
ISIC_Data_2334.jpg,[0.2464599609375]
ISIC_Data_2335.jpg,[0.1822509765625]
ISIC_Data_2336.jpg,[0.2578125]
ISIC_Data_2337.jpg,[0.0968017578125]
ISIC_Data_2338.jpg,[0.5517578125]
ISIC_Data_2339.jpg,[0.303466796875]
ISIC_Data_234.jpg,[0.059814453125]
ISIC_Data_2341.jpg,[0.2442626953125]
ISIC_Data_2342.jpg,[0.498046875]
ISIC_Data_2345.jpg,[0.10064697265625]
ISIC_Data_2346.jpg,[0.152587890625]
ISIC_Data_2347.jpg,[0.5947265625]
ISIC_Data_2348.jpg,[0.1800537109375]
ISIC_Data_2349.jpg,[0.26123046875]
ISIC_Data_235.jpg,[0.26171875]
ISIC_Data_2350.jpg,[0.259033203125]
ISIC_Data_2351.jpg,[0.10137939453125]
ISIC_Data_2352.jpg,[0.2459716796875]
ISIC_Data_2353.jpg,[0.220703125]
ISIC_Data_2354.jpg,[0.289794921875]
ISIC_Data_2355.jpg,[0.404541015625]
ISIC_Data_2356.jpg,[0.0963134765625]
ISIC_Data_2357.jpg,[0.37890625]
ISIC_Data_2358.jpg,[0.1871337890625]
ISIC_Data_2359.jpg,[0.31982421875]
ISIC_Data_236.jpg,[0.11126708984375]
ISIC_Data_2360.jpg,[0.365478515625]
ISIC_Data_2361.jpg,[0.2244873046875]
ISIC_Data_2362.jpg,[0.2313232421875]
ISIC_Data_2363.jpg,[0.486572265625]
ISIC_Data_2364.jpg,[0.21533203125]
ISIC_Data_2365.jpg,[0.33984375]
ISIC_Data_2366.jpg,[0.1805419921875]
ISIC_Data_2367.jpg,[0.15966796875]
ISIC_Data_2368.jpg,[0.402099609375]
ISIC_Data_2369.jpg,[0.1685791015625]
ISIC_Data_237.jpg,[0.0743408203125]
ISIC_Data_2370.jpg,[0.2276611328125]
ISIC_Data_2371.jpg,[0.52685546875]
ISIC_Data_2372.jpg,[0.267822265625]
ISIC_Data_2373.jpg,[0.267822265625]
ISIC_Data_2374.jpg,[0.316650390625]
ISIC_Data_2375.jpg,[0.2008056640625]
ISIC_Data_2377.jpg,[0.323974609375]
ISIC_Data_2378.jpg,[0.167236328125]
ISIC_Data_2379.jpg,[0.1759033203125]
ISIC_Data_238.jpg,[0.27197265625]
ISIC_Data_2380.jpg,[0.07769775390625]
ISIC_Data_2381.jpg,[0.103515625]
ISIC_Data_2382.jpg,[0.349609375]
ISIC_Data_2383.jpg,[0.195556640625]
ISIC_Data_2384.jpg,[0.30322265625]
ISIC_Data_2385.jpg,[0.30126953125]
ISIC_Data_2386.jpg,[0.2193603515625]
ISIC_Data_2387.jpg,[0.4921875]
ISIC_Data_2388.jpg,[0.2030029296875]
ISIC_Data_2389.jpg,[0.15673828125]
ISIC_Data_239.jpg,[0.468994140625]
ISIC_Data_2390.jpg,[0.07855224609375]
ISIC_Data_2391.jpg,[0.281982421875]
ISIC_Data_2392.jpg,[0.1676025390625]
ISIC_Data_2393.jpg,[0.308837890625]
ISIC_Data_2394.jpg,[0.270263671875]
ISIC_Data_2395.jpg,[0.286865234375]
ISIC_Data_2396.jpg,[0.2276611328125]
ISIC_Data_2397.jpg,[0.2156982421875]
ISIC_Data_2398.jpg,[0.1500244140625]
ISIC_Data_2399.jpg,[0.187255859375]
ISIC_Data_24.jpg,[0.08331298828125]
ISIC_Data_240.jpg,[0.09649658203125]
ISIC_Data_2400.jpg,[0.2435302734375]
ISIC_Data_2401.jpg,[0.1959228515625]
ISIC_Data_2402.jpg,[0.388916015625]
ISIC_Data_2403.jpg,[0.34423828125]
ISIC_Data_2404.jpg,[0.34228515625]
ISIC_Data_2405.jpg,[0.29443359375]
ISIC_Data_2406.jpg,[0.334228515625]
ISIC_Data_2407.jpg,[0.25146484375]
ISIC_Data_2408.jpg,[0.27099609375]
ISIC_Data_2409.jpg,[0.31640625]
ISIC_Data_241.jpg,[0.08953857421875]
ISIC_Data_2410.jpg,[0.4130859375]
ISIC_Data_2411.jpg,[0.229248046875]
ISIC_Data_2412.jpg,[0.1502685546875]
ISIC_Data_2413.jpg,[0.323974609375]
ISIC_Data_2414.jpg,[0.2115478515625]
ISIC_Data_2415.jpg,[0.263916015625]
ISIC_Data_2416.jpg,[0.292724609375]
ISIC_Data_2417.jpg,[0.274169921875]
ISIC_Data_2418.jpg,[0.38037109375]
ISIC_Data_2419.jpg,[0.1571044921875]
ISIC_Data_242.jpg,[0.2236328125]
ISIC_Data_2420.jpg,[0.275634765625]
ISIC_Data_2421.jpg,[0.08892822265625]
ISIC_Data_2422.jpg,[0.324951171875]
ISIC_Data_2423.jpg,[0.288330078125]
ISIC_Data_2424.jpg,[0.068359375]
ISIC_Data_2425.jpg,[0.345458984375]
ISIC_Data_2426.jpg,[0.33154296875]
ISIC_Data_2428.jpg,[0.0848388671875]
ISIC_Data_2429.jpg,[0.400634765625]
ISIC_Data_243.jpg,[0.1883544921875]
ISIC_Data_2430.jpg,[0.06878662109375]
ISIC_Data_2431.jpg,[0.280029296875]
ISIC_Data_2432.jpg,[0.27685546875]
ISIC_Data_2433.jpg,[0.10418701171875]
ISIC_Data_2434.jpg,[0.1956787109375]
ISIC_Data_2435.jpg,[0.07293701171875]
ISIC_Data_2436.jpg,[0.233154296875]
ISIC_Data_2437.jpg,[0.441162109375]
ISIC_Data_2438.jpg,[0.1416015625]
ISIC_Data_2439.jpg,[0.2822265625]
ISIC_Data_244.jpg,[0.1185302734375]
ISIC_Data_2440.jpg,[0.239501953125]
ISIC_Data_2441.jpg,[0.291748046875]
ISIC_Data_2442.jpg,[0.0989990234375]
ISIC_Data_2443.jpg,[0.266845703125]
ISIC_Data_2444.jpg,[0.29736328125]
ISIC_Data_2445.jpg,[0.14697265625]
ISIC_Data_2446.jpg,[0.29345703125]
ISIC_Data_2447.jpg,[0.251953125]
ISIC_Data_2448.jpg,[0.1705322265625]
ISIC_Data_2449.jpg,[0.419921875]
ISIC_Data_245.jpg,[0.1435546875]
ISIC_Data_2450.jpg,[0.273681640625]
ISIC_Data_2451.jpg,[0.431884765625]
ISIC_Data_2452.jpg,[0.1348876953125]
ISIC_Data_2453.jpg,[0.186279296875]
ISIC_Data_2454.jpg,[0.35546875]
ISIC_Data_2455.jpg,[0.062042236328125]
ISIC_Data_2456.jpg,[0.0810546875]
ISIC_Data_2457.jpg,[0.0941162109375]
ISIC_Data_2458.jpg,[0.03857421875]
ISIC_Data_2459.jpg,[0.1851806640625]
ISIC_Data_246.jpg,[0.14990234375]
ISIC_Data_2460.jpg,[0.10491943359375]
ISIC_Data_2461.jpg,[0.265625]
ISIC_Data_2462.jpg,[0.2257080078125]
ISIC_Data_2463.jpg,[0.2626953125]
ISIC_Data_2464.jpg,[0.2498779296875]
ISIC_Data_2465.jpg,[0.279541015625]
ISIC_Data_247.jpg,[0.1695556640625]
ISIC_Data_248.jpg,[0.106689453125]
ISIC_Data_249.jpg,[0.045928955078125]
ISIC_Data_25.jpg,[0.0413818359375]
ISIC_Data_250.jpg,[0.2186279296875]
ISIC_Data_251.jpg,[0.258544921875]
ISIC_Data_252.jpg,[0.1884765625]
ISIC_Data_253.jpg,[0.1180419921875]
ISIC_Data_254.jpg,[0.120361328125]
ISIC_Data_255.jpg,[0.254150390625]
ISIC_Data_256.jpg,[0.1373291015625]
ISIC_Data_257.jpg,[0.1563720703125]
ISIC_Data_258.jpg,[0.08123779296875]
ISIC_Data_259.jpg,[0.1729736328125]
ISIC_Data_26.jpg,[0.0836181640625]
ISIC_Data_260.jpg,[0.28564453125]
ISIC_Data_261.jpg,[0.14306640625]
ISIC_Data_262.jpg,[0.21826171875]
ISIC_Data_263.jpg,[0.1947021484375]
ISIC_Data_264.jpg,[0.22802734375]
ISIC_Data_265.jpg,[0.1976318359375]
ISIC_Data_266.jpg,[0.10003662109375]
ISIC_Data_267.jpg,[0.2978515625]
ISIC_Data_268.jpg,[0.1572265625]
ISIC_Data_269.jpg,[0.17578125]
ISIC_Data_27.jpg,[0.1798095703125]
ISIC_Data_270.jpg,[0.362548828125]
ISIC_Data_271.jpg,[0.1995849609375]
ISIC_Data_272.jpg,[0.2568359375]
ISIC_Data_273.jpg,[0.1817626953125]
ISIC_Data_274.jpg,[0.0958251953125]
ISIC_Data_275.jpg,[0.36962890625]
ISIC_Data_276.jpg,[0.137451171875]
ISIC_Data_277.jpg,[0.28955078125]
ISIC_Data_278.jpg,[0.1605224609375]
ISIC_Data_279.jpg,[0.2724609375]
ISIC_Data_28.jpg,[0.1658935546875]
ISIC_Data_280.jpg,[0.1708984375]
ISIC_Data_281.jpg,[0.370361328125]
ISIC_Data_283.jpg,[0.28173828125]
ISIC_Data_284.jpg,[0.1947021484375]
ISIC_Data_285.jpg,[0.29541015625]
ISIC_Data_286.jpg,[0.32666015625]
ISIC_Data_287.jpg,[0.2227783203125]
ISIC_Data_288.jpg,[0.08416748046875]
ISIC_Data_289.jpg,[0.0845947265625]
ISIC_Data_29.jpg,[0.19921875]
ISIC_Data_290.jpg,[0.19580078125]
ISIC_Data_291.jpg,[0.272216796875]
ISIC_Data_292.jpg,[0.3291015625]
ISIC_Data_293.jpg,[0.242431640625]
ISIC_Data_294.jpg,[0.18798828125]
ISIC_Data_295.jpg,[0.1832275390625]
ISIC_Data_296.jpg,[0.288330078125]
ISIC_Data_297.jpg,[0.307373046875]
ISIC_Data_298.jpg,[0.2314453125]
ISIC_Data_299.jpg,[0.271240234375]
ISIC_Data_3.jpg,[0.07684326171875]
ISIC_Data_30.jpg,[0.23486328125]
ISIC_Data_300.jpg,[0.2135009765625]
ISIC_Data_301.jpg,[0.1949462890625]
ISIC_Data_302.jpg,[0.354248046875]
ISIC_Data_303.jpg,[0.238525390625]
ISIC_Data_304.jpg,[0.1295166015625]
ISIC_Data_305.jpg,[0.2352294921875]
ISIC_Data_306.jpg,[0.152099609375]
ISIC_Data_307.jpg,[0.234375]
ISIC_Data_308.jpg,[0.31298828125]
ISIC_Data_309.jpg,[0.169189453125]
ISIC_Data_31.jpg,[0.264892578125]
ISIC_Data_310.jpg,[0.2041015625]
ISIC_Data_311.jpg,[0.268310546875]
ISIC_Data_312.jpg,[0.1309814453125]
ISIC_Data_313.jpg,[0.213623046875]
ISIC_Data_314.jpg,[0.0777587890625]
ISIC_Data_315.jpg,[0.0999755859375]
ISIC_Data_316.jpg,[0.07757568359375]
ISIC_Data_317.jpg,[0.250244140625]
ISIC_Data_318.jpg,[0.11962890625]
ISIC_Data_319.jpg,[0.30322265625]
ISIC_Data_32.jpg,[0.1328125]
ISIC_Data_320.jpg,[0.2113037109375]
ISIC_Data_321.jpg,[0.086181640625]
ISIC_Data_322.jpg,[0.3408203125]
ISIC_Data_323.jpg,[0.09393310546875]
ISIC_Data_324.jpg,[0.20703125]
ISIC_Data_325.jpg,[0.06048583984375]
ISIC_Data_326.jpg,[0.345458984375]
ISIC_Data_327.jpg,[0.291748046875]
ISIC_Data_328.jpg,[0.1011962890625]
ISIC_Data_329.jpg,[0.148681640625]
ISIC_Data_33.jpg,[0.1868896484375]
ISIC_Data_330.jpg,[0.0290374755859375]
ISIC_Data_331.jpg,[0.139404296875]
ISIC_Data_332.jpg,[0.152587890625]
ISIC_Data_333.jpg,[0.2305908203125]
ISIC_Data_334.jpg,[0.06085205078125]
ISIC_Data_335.jpg,[0.2061767578125]
ISIC_Data_336.jpg,[0.07501220703125]
ISIC_Data_337.jpg,[0.060760498046875]
ISIC_Data_338.jpg,[0.2154541015625]
ISIC_Data_339.jpg,[0.162353515625]
ISIC_Data_34.jpg,[0.09014892578125]
ISIC_Data_340.jpg,[0.0919189453125]
ISIC_Data_341.jpg,[0.0516357421875]
ISIC_Data_342.jpg,[0.11419677734375]
ISIC_Data_343.jpg,[0.07208251953125]
ISIC_Data_344.jpg,[0.2342529296875]
ISIC_Data_345.jpg,[0.048980712890625]
ISIC_Data_346.jpg,[0.05181884765625]
ISIC_Data_347.jpg,[0.336181640625]
ISIC_Data_348.jpg,[0.0772705078125]
ISIC_Data_349.jpg,[0.138916015625]
ISIC_Data_35.jpg,[0.1357421875]
ISIC_Data_350.jpg,[0.1884765625]
ISIC_Data_351.jpg,[0.18798828125]
ISIC_Data_352.jpg,[0.08880615234375]
ISIC_Data_353.jpg,[0.1195068359375]
ISIC_Data_354.jpg,[0.2259521484375]
ISIC_Data_355.jpg,[0.23974609375]
ISIC_Data_356.jpg,[0.1922607421875]
ISIC_Data_357.jpg,[0.218994140625]
ISIC_Data_358.jpg,[0.07550048828125]
ISIC_Data_359.jpg,[0.10906982421875]
ISIC_Data_36.jpg,[0.113525390625]
ISIC_Data_360.jpg,[0.07818603515625]
ISIC_Data_361.jpg,[0.07977294921875]
ISIC_Data_362.jpg,[0.3115234375]
ISIC_Data_363.jpg,[0.29248046875]
ISIC_Data_364.jpg,[0.2152099609375]
ISIC_Data_365.jpg,[0.2374267578125]
ISIC_Data_366.jpg,[0.2451171875]
ISIC_Data_367.jpg,[0.0462646484375]
ISIC_Data_368.jpg,[0.08209228515625]
ISIC_Data_369.jpg,[0.1839599609375]
ISIC_Data_37.jpg,[0.0511474609375]
ISIC_Data_370.jpg,[0.2100830078125]
ISIC_Data_371.jpg,[0.1490478515625]
ISIC_Data_372.jpg,[0.0477294921875]
ISIC_Data_373.jpg,[0.0682373046875]
ISIC_Data_374.jpg,[0.067626953125]
ISIC_Data_377.jpg,[0.0546875]
ISIC_Data_378.jpg,[0.220703125]
ISIC_Data_379.jpg,[0.061920166015625]
ISIC_Data_38.jpg,[0.1173095703125]
ISIC_Data_39.jpg,[0.305419921875]
ISIC_Data_4.jpg,[0.279296875]
ISIC_Data_40.jpg,[0.4609375]
ISIC_Data_41.jpg,[0.2578125]
ISIC_Data_42.jpg,[0.0933837890625]
ISIC_Data_43.jpg,[0.201416015625]
ISIC_Data_44.jpg,[0.05084228515625]
ISIC_Data_45.jpg,[0.1514892578125]
ISIC_Data_46.jpg,[0.165771484375]
ISIC_Data_47.jpg,[0.1629638671875]
ISIC_Data_48.jpg,[0.0640869140625]
ISIC_Data_49.jpg,[0.1378173828125]
ISIC_Data_5.jpg,[0.08404541015625]
ISIC_Data_50.jpg,[0.1744384765625]
ISIC_Data_51.jpg,[0.068115234375]
ISIC_Data_52.jpg,[0.1656494140625]
ISIC_Data_53.jpg,[0.215087890625]
ISIC_Data_54.jpg,[0.09033203125]
ISIC_Data_55.jpg,[0.08892822265625]
ISIC_Data_56.jpg,[0.259521484375]
ISIC_Data_57.jpg,[0.2017822265625]
ISIC_Data_58.jpg,[0.0928955078125]
ISIC_Data_59.jpg,[0.1298828125]
ISIC_Data_6.jpg,[0.046966552734375]
ISIC_Data_60.jpg,[0.16943359375]
ISIC_Data_61.jpg,[0.278076171875]
ISIC_Data_62.jpg,[0.2003173828125]
ISIC_Data_63.jpg,[0.0400390625]
ISIC_Data_64.jpg,[0.08331298828125]
ISIC_Data_65.jpg,[0.332763671875]
ISIC_Data_651.jpg,[0.366943359375]
ISIC_Data_652.jpg,[0.284423828125]
ISIC_Data_653.jpg,[0.09014892578125]
ISIC_Data_654.jpg,[0.08746337890625]
ISIC_Data_655.jpg,[0.12152099609375]
ISIC_Data_656.jpg,[0.179931640625]
ISIC_Data_657.jpg,[0.194091796875]
ISIC_Data_658.jpg,[0.08013916015625]
ISIC_Data_659.jpg,[0.2406005859375]
ISIC_Data_66.jpg,[0.2744140625]
ISIC_Data_663.jpg,[0.2459716796875]
ISIC_Data_664.jpg,[0.103759765625]
ISIC_Data_665.jpg,[0.1322021484375]
ISIC_Data_666.jpg,[0.41552734375]
ISIC_Data_667.jpg,[0.043121337890625]
ISIC_Data_668.jpg,[0.11419677734375]
ISIC_Data_67.jpg,[0.1920166015625]
ISIC_Data_68.jpg,[0.08380126953125]
ISIC_Data_69.jpg,[0.07177734375]
ISIC_Data_7.jpg,[0.07958984375]
ISIC_Data_70.jpg,[0.39453125]
ISIC_Data_71.jpg,[0.2431640625]
ISIC_Data_72.jpg,[0.2174072265625]
ISIC_Data_73.jpg,[0.2039794921875]
ISIC_Data_74.jpg,[0.052032470703125]
ISIC_Data_75.jpg,[0.0911865234375]
ISIC_Data_76.jpg,[0.056427001953125]
ISIC_Data_77.jpg,[0.1129150390625]
ISIC_Data_78.jpg,[0.20458984375]
ISIC_Data_787.jpg,[0.259521484375]
ISIC_Data_788.jpg,[0.1278076171875]
ISIC_Data_789.jpg,[0.171875]
ISIC_Data_79.jpg,[0.037139892578125]
ISIC_Data_790.jpg,[0.2198486328125]
ISIC_Data_791.jpg,[0.059356689453125]
ISIC_Data_792.jpg,[0.230712890625]
ISIC_Data_793.jpg,[0.2476806640625]
ISIC_Data_794.jpg,[0.186767578125]
ISIC_Data_795.jpg,[0.0635986328125]
ISIC_Data_796.jpg,[0.260498046875]
ISIC_Data_798.jpg,[0.1959228515625]
ISIC_Data_799.jpg,[0.166748046875]
ISIC_Data_8.jpg,[0.061676025390625]
ISIC_Data_80.jpg,[0.2353515625]
ISIC_Data_801.jpg,[0.084228515625]
ISIC_Data_803.jpg,[0.2734375]
ISIC_Data_804.jpg,[0.277587890625]
ISIC_Data_805.jpg,[0.16748046875]
ISIC_Data_806.jpg,[0.08074951171875]
ISIC_Data_807.jpg,[0.2213134765625]
ISIC_Data_808.jpg,[0.2763671875]
ISIC_Data_809.jpg,[0.2568359375]
ISIC_Data_81.jpg,[0.16162109375]
ISIC_Data_810.jpg,[0.192626953125]
ISIC_Data_811.jpg,[0.2822265625]
ISIC_Data_812.jpg,[0.0697021484375]
ISIC_Data_813.jpg,[0.09991455078125]
ISIC_Data_814.jpg,[0.357666015625]
ISIC_Data_815.jpg,[0.11102294921875]
ISIC_Data_816.jpg,[0.09039306640625]
ISIC_Data_817.jpg,[0.50048828125]
ISIC_Data_82.jpg,[0.0235137939453125]
ISIC_Data_820.jpg,[0.0882568359375]
ISIC_Data_821.jpg,[0.05731201171875]
ISIC_Data_822.jpg,[0.1953125]
ISIC_Data_823.jpg,[0.309814453125]
ISIC_Data_824.jpg,[0.1553955078125]
ISIC_Data_825.jpg,[0.10589599609375]
ISIC_Data_826.jpg,[0.2056884765625]
ISIC_Data_827.jpg,[0.1552734375]
ISIC_Data_828.jpg,[0.1453857421875]
ISIC_Data_829.jpg,[0.06488037109375]
ISIC_Data_83.jpg,[0.1517333984375]
ISIC_Data_830.jpg,[0.2144775390625]
ISIC_Data_831.jpg,[0.2337646484375]
ISIC_Data_84.jpg,[0.043060302734375]
ISIC_Data_85.jpg,[0.11016845703125]
ISIC_Data_86.jpg,[0.337646484375]
ISIC_Data_87.jpg,[0.327392578125]
ISIC_Data_88.jpg,[0.27978515625]
ISIC_Data_89.jpg,[0.40771484375]
ISIC_Data_9.jpg,[0.091796875]
ISIC_Data_90.jpg,[0.0892333984375]
ISIC_Data_91.jpg,[0.2423095703125]
ISIC_Data_92.jpg,[0.322021484375]
ISIC_Data_93.jpg,[0.25244140625]
ISIC_Data_94.jpg,[0.1566162109375]
ISIC_Data_95.jpg,[0.416748046875]
ISIC_Data_96.jpg,[0.453125]
ISIC_Data_97.jpg,[0.076416015625]
ISIC_Data_971.jpg,[0.0274810791015625]
ISIC_Data_972.jpg,[0.37890625]
ISIC_Data_973.jpg,[0.2900390625]
ISIC_Data_974.jpg,[0.206298828125]
ISIC_Data_975.jpg,[0.074951171875]
ISIC_Data_976.jpg,[0.1041259765625]
ISIC_Data_977.jpg,[0.2071533203125]
ISIC_Data_978.jpg,[0.272705078125]
ISIC_Data_979.jpg,[0.12005615234375]
ISIC_Data_98.jpg,[0.2464599609375]
ISIC_Data_980.jpg,[0.059478759765625]
ISIC_Data_981.jpg,[0.07965087890625]
ISIC_Data_982.jpg,[0.32421875]
ISIC_Data_983.jpg,[0.2264404296875]
ISIC_Data_985.jpg,[0.1749267578125]
ISIC_Data_986.jpg,[0.15576171875]
ISIC_Data_987.jpg,[0.07470703125]
ISIC_Data_988.jpg,[0.252197265625]
ISIC_Data_989.jpg,[0.275146484375]
ISIC_Data_99.jpg,[0.0882568359375]
ISIC_Data_990.jpg,[0.04302978515625]
ISIC_Data_991.jpg,[0.277099609375]
ISIC_Data_992.jpg,[0.07122802734375]
ISIC_Data_993.jpg,[0.31591796875]
ISIC_Data_994.jpg,[0.07421875]
ISIC_Data_995.jpg,[0.2357177734375]
ISIC_Data_996.jpg,[0.41064453125]
ISIC_Data_998.jpg,[0.1781005859375]
ISIC_Data_999.jpg,[0.276123046875]
